Date,Open,High,Low,Close,Adj Close,Volume
2010-08-25,12.2,20.0,11.7,18.49,17.7977,616342000
2010-08-26,18.9,20.87,17.825,18.41,17.7207,294707160
2010-08-27,18.02,22.095,17.32,21.5,20.695,205363000
2010-08-30,21.7,24.385,21.235,22.35,21.5131,295539840
2010-08-31,21.605,21.99,20.2,21.58,20.772,164715860
2010-09-01,21.5,22.27,21.335,21.745,20.9308,75548210
2010-09-02,21.85,22.55,19.8,20.41,19.6458,81185360
2010-09-03,20.41,20.53,16.355,18.21,17.5281,111386310
2010-09-06,15.88,17.28,15.11,16.94,16.3057,115477300
2010-09-07,17.1,17.79,16.42,17.28,16.633,61026520
2010-09-08,16.71,16.83,15.9,16.22,15.6127,47603380
2010-09-09,16.2,16.39,15.7,16.115,15.5116,19245950
2010-09-13,16.3,16.625,15.28,15.665,15.0784,16057110
2010-09-14,15.59,16.38,15.405,16.12,15.5164,31672220
2010-09-15,15.9,16.185,15.62,15.71,15.1218,9443420
2010-09-16,15.71,15.98,15.505,15.64,15.0544,8344290
2010-09-17,15.7,15.775,15.41,15.545,14.9629,4893780
2010-09-20,15.62,15.675,15.115,15.53,14.9485,5535980
2010-09-21,15.6,15.685,15.005,15.115,14.549,4612240
2010-09-22,15.27,15.3,14.65,14.87,14.3132,6935250
2010-09-23,14.9,14.9,14.4,14.565,14.0196,3408260
2010-09-24,14.415,15.78,14.1,14.755,14.2025,17251850
2010-09-27,15.0,15.18,14.355,14.47,13.9282,5333490
2010-09-28,14.51,14.68,14.32,14.43,13.8897,4113110
2010-09-29,14.48,14.565,14.15,14.2,13.6683,3130250
2010-09-30,14.3,14.6,14.005,14.06,13.5335,3875930
2010-10-01,14.1,14.245,14.005,14.08,13.5528,4010460
2010-10-04,14.045,14.24,14.02,14.115,13.5865,3158920
2010-10-05,14.1,14.475,14.01,14.17,13.6394,2809800
2010-10-06,14.29,14.4,14.005,14.03,13.5047,1568360
2010-10-07,14.055,14.245,13.89,14.015,13.4902,1558280
2010-10-08,14.15,14.15,13.76,13.83,13.3122,2300900
2010-10-11,13.99,14.125,13.61,13.77,13.2544,1595480
2010-10-12,13.705,14.025,13.705,13.86,13.341,2889760
2010-10-13,13.99,14.14,13.72,13.88,13.3603,1970250
2010-10-14,13.97,14.085,13.62,13.735,13.2207,3264970
2010-10-15,13.84,14.0,13.65,13.725,13.2111,1781130
2010-10-18,13.61,13.9,13.515,13.695,13.1822,1200230
2010-10-19,13.805,16.29,13.61,15.49,14.91,21813080
2010-10-20,15.62,15.95,15.305,15.585,15.0014,6126580
2010-10-21,15.665,15.995,15.35,15.6,15.0159,5113170
2010-10-22,15.645,15.88,15.03,15.36,14.7849,3003620
2010-10-25,15.57,15.75,15.32,15.5,14.9196,2515270
2010-10-26,15.21,15.78,15.21,15.375,14.7993,1554360
2010-10-27,15.47,15.47,15.125,15.265,14.6934,1078430
2010-10-28,15.25,15.435,14.79,14.915,14.3565,1243620
2010-10-29,14.8,15.095,14.52,15.015,14.4528,1475840
2010-11-01,14.725,15.48,14.725,15.08,14.5154,2067600
2010-11-02,14.8,15.7,14.79,15.395,14.8186,2505850
2010-11-03,15.4,15.49,15.0,15.15,14.5827,1680050
2010-11-04,15.01,15.15,14.71,14.835,14.2795,854100
2010-11-08,15.07,15.4,15.07,15.215,14.6453,1015920
2010-11-09,15.345,15.65,15.02,15.435,14.8571,1862260
2010-11-10,15.36,15.85,15.04,15.135,14.5683,2103010
2010-11-11,15.27,15.36,14.865,14.95,14.3902,1421330
2010-11-12,15.09,15.35,14.75,15.07,14.5057,1366450
2010-11-15,14.865,17.49,14.865,17.115,16.4742,33556230
2010-11-16,17.2,18.58,16.1,16.235,15.6271,44181860
2010-11-18,16.5,17.2,15.8,16.225,15.6175,18816770
2010-11-19,16.5,16.84,16.175,16.605,15.9832,6655550
2010-11-22,16.695,16.9,16.01,16.275,15.6656,1541540
2010-11-23,16.2,16.635,15.68,15.97,15.372,2383630
2010-11-24,16.1,16.39,15.4,15.69,15.1025,1635220
2010-11-25,15.805,15.9,14.775,15.63,15.0448,1258800
2010-11-26,15.5,15.715,14.7,15.255,14.6838,771290
2010-11-29,14.81,15.7,14.81,15.34,14.7656,1090600
2010-11-30,14.9,15.295,14.9,15.12,14.5539,348930
2010-12-01,15.35,15.57,14.935,15.225,14.6549,515630
2010-12-02,15.3,15.8,15.2,15.22,14.6501,313370
2010-12-03,15.19,15.3,13.775,14.3,13.7646,2446940
2010-12-06,14.3,14.75,13.8,14.26,13.7261,396550
2010-12-07,14.3,14.3,13.7,13.8,13.2833,512670
2010-12-08,13.7,13.97,13.215,13.505,12.9993,1427930
2010-12-09,13.69,13.69,12.88,13.195,12.7009,1123720
2010-12-10,13.495,13.8,12.85,13.16,12.6672,428680
2010-12-13,13.275,13.7,13.185,13.54,13.033,231430
2010-12-14,13.35,14.3,13.35,13.65,13.1389,1167810
2010-12-15,13.6,13.8,13.0,13.135,12.6432,343540
2010-12-16,13.135,13.4,12.7,12.81,12.3303,968410
2010-12-20,13.38,13.38,12.735,12.85,12.3689,225940
2010-12-21,12.81,13.175,12.81,12.95,12.4651,347700
2010-12-22,12.925,13.18,12.92,13.015,12.5277,293590
2010-12-23,13.1,13.1,12.815,12.915,12.4314,258580
2010-12-24,13.09,13.1,12.805,12.88,12.3977,268030
2010-12-27,13.04,13.05,12.68,12.75,12.2726,226540
2010-12-28,12.805,12.9,12.705,12.81,12.3303,217080
2010-12-29,12.755,13.195,12.755,13.08,12.5902,327270
2010-12-30,13.08,13.195,12.81,12.94,12.4555,244790
2010-12-31,13.1,13.18,12.95,13.07,12.5806,257880
2011-01-03,13.15,13.6,13.015,13.39,12.8886,934070
2011-01-04,13.495,13.745,13.31,13.52,13.0138,468230
2011-01-05,13.45,13.45,13.065,13.165,12.6721,217160
2011-01-06,13.4,13.4,12.91,13.035,12.5469,164950
2011-01-07,13.05,13.14,12.75,12.845,12.364,259340
2011-01-10,13.08,13.19,12.73,12.8,12.3207,300110
2011-01-11,12.715,12.985,12.7,12.73,12.2533,194370
2011-01-12,12.75,12.9,12.685,12.815,12.3352,258990
2011-01-13,13.0,13.0,12.55,12.635,12.1619,176460
2011-01-14,12.87,12.87,11.875,12.695,12.2197,284250
2011-01-17,12.6,12.7,12.425,12.49,12.0223,287170
2011-01-18,12.42,12.87,12.405,12.51,12.0416,155230
2011-01-19,12.415,12.77,12.415,12.6,12.1282,193410
2011-01-20,12.32,12.59,12.32,12.425,11.9598,163570
2011-01-21,12.45,12.7,12.325,12.45,11.9838,168980
2011-01-24,12.36,12.7,12.36,12.41,11.9453,177230
2011-01-25,12.405,12.55,12.35,12.39,11.9261,244290
2011-01-27,12.4,12.5,12.12,12.215,11.7576,187890
2011-01-28,12.38,12.7,12.2,12.58,12.109,556110
2011-01-31,12.4,12.7,12.3,12.65,12.1763,254890
2011-02-01,12.52,12.76,12.4,12.5,12.032,258170
2011-02-02,12.42,13.29,12.41,12.555,12.0849,350610
2011-02-03,12.4,12.7,12.4,12.615,12.1426,142950
2011-02-04,12.7,12.7,12.5,12.51,12.0416,156490
2011-02-07,12.5,12.74,12.5,12.685,12.21,163730
2011-02-08,12.78,12.785,12.45,12.645,12.1715,168620
2011-02-09,12.68,13.0,12.4,12.6,12.1282,608530
2011-02-10,12.225,12.55,11.8,12.37,11.9068,336450
2011-02-11,12.27,12.6,12.055,12.52,12.0512,190040
2011-02-14,12.6,12.8,12.3,12.515,12.0464,256870
2011-02-15,12.465,12.6,12.4,12.475,12.0079,161510
2011-02-16,12.45,12.65,12.3,12.51,12.0416,136600
2011-02-17,12.43,12.65,12.43,12.575,12.1041,145060
2011-02-18,12.56,12.725,12.22,12.565,12.0945,206820
2011-02-21,12.37,12.6,12.37,12.515,12.0464,150140
2011-02-22,12.5,12.6,12.31,12.515,12.0464,131940
2011-02-23,12.55,12.55,12.3,12.34,11.8779,425830
2011-02-24,12.32,12.45,12.2,12.225,11.7673,159340
2011-02-25,12.25,12.635,11.845,12.49,12.0223,230010
2011-02-28,12.275,12.6,12.275,12.485,12.0175,95760
2011-03-01,12.31,12.56,12.2,12.29,11.8298,153230
2011-03-03,12.255,12.5,12.07,12.25,11.7913,155860
2011-03-04,12.39,12.57,12.105,12.38,11.9164,188870
2011-03-07,12.01,12.34,12.01,12.245,11.7865,137600
2011-03-08,12.16,12.59,12.16,12.22,11.7624,131470
2011-03-09,12.2,12.31,12.16,12.2,11.7432,125470
2011-03-10,12.165,12.7,12.005,12.505,12.0368,1296410
2011-03-11,12.305,12.69,12.305,12.535,12.0656,491390
2011-03-14,12.325,13.5,12.325,12.9,12.417,746860
2011-03-15,12.51,12.99,12.405,12.84,12.3592,194020
2011-03-16,12.85,13.495,12.705,13.46,12.956,389230
2011-03-17,13.6,15.075,12.4,13.505,12.9993,11821610
2011-03-18,13.78,13.945,13.2,13.345,12.8453,450100
2011-03-21,13.505,13.895,13.5,13.755,13.24,1820530
2011-03-22,13.96,14.1,13.635,13.985,13.4614,339080
2011-03-23,14.08,14.5,13.9,14.435,13.8945,411260
2011-03-24,14.49,14.75,14.115,14.67,14.1207,482050
2011-03-25,14.6,14.8,14.31,14.79,14.2362,1393950
2011-03-28,14.8,14.89,13.8,14.065,13.5384,86870
2011-03-29,13.76,14.395,13.7,14.005,13.4806,1379290
2011-03-30,14.3,14.535,14.0,14.045,13.5191,236770
2011-03-31,14.105,15.79,14.105,14.835,14.2795,1963570
2011-04-01,15.3,15.3,14.55,14.885,14.3277,159370
2011-04-04,15.2,16.5,14.6,15.43,14.8522,759820
2011-04-05,15.65,15.65,15.17,15.305,14.7319,187300
2011-04-06,15.595,15.6,14.91,15.105,14.5394,218160
2011-04-07,15.0,15.28,14.9,15.1,14.5346,345200
2011-04-08,15.35,15.35,14.73,14.845,14.2892,145460
2011-04-11,14.825,15.26,14.805,14.885,14.3277,140730
2011-04-13,14.9,15.35,14.9,15.195,14.626,227990
2011-04-15,15.11,15.3,14.92,15.1,14.5346,118070
2011-04-18,14.9,15.395,14.85,15.11,14.5442,193970
2011-04-19,15.1,15.25,14.56,15.015,14.4528,139280
2011-04-20,14.875,15.3,14.87,15.24,14.6694,149870
2011-04-21,14.895,15.6,14.895,15.44,14.8619,342240
2011-04-25,15.4,15.6,14.57,14.93,14.371,1017460
2011-04-26,14.8,15.285,14.74,14.76,14.2073,182380
2011-04-27,15.09,15.09,14.625,14.675,14.1255,136850
2011-04-28,14.71,14.8,14.25,14.34,13.8031,192410
2011-04-29,14.4,14.675,14.205,14.5,13.9571,605920
2011-05-02,14.68,14.885,14.2,14.4,13.8608,126000
2011-05-03,14.5,14.99,14.21,14.795,14.241,161910
2011-05-04,14.49,14.745,14.3,14.505,13.9619,160860
2011-05-05,14.935,14.935,14.3,14.505,13.9619,183690
2011-05-06,14.36,14.875,14.05,14.155,13.625,89280
2011-05-09,14.01,14.89,14.01,14.65,14.1014,140000
2011-05-10,14.265,14.7,14.25,14.395,13.856,156210
2011-05-11,14.325,15.5,14.325,14.455,13.9138,130340
2011-05-12,14.8,14.8,14.165,14.405,13.8656,82930
2011-05-13,14.7,14.9,14.3,14.695,14.1448,68850
2011-05-16,14.7,14.7,14.34,14.53,13.9859,20890
2011-05-17,14.34,14.595,14.0,14.17,13.6394,40030
2011-05-18,14.49,14.5,13.9,13.93,13.4084,116300
2011-05-19,14.1,14.5,13.9,13.985,13.4614,234540
2011-05-20,14.0,14.28,13.9,13.91,13.3892,160980
2011-05-23,13.85,14.07,13.47,13.635,13.1245,150610
2011-05-24,13.55,14.2,13.55,13.99,13.4662,192800
2011-05-25,14.0,14.08,13.73,13.975,13.4517,332070
2011-05-26,14.215,14.215,13.625,13.735,13.2207,106180
2011-05-27,13.8,13.9,13.65,13.705,13.1918,6590
2011-05-30,14.19,15.39,14.19,14.78,14.2266,2086390
2011-05-31,14.285,17.25,14.285,15.835,15.2421,5961160
2011-06-01,15.8,15.95,15.005,15.71,15.1218,1566740
2011-06-02,15.15,15.645,15.15,15.28,14.7079,448570
2011-06-03,15.3,15.6,15.085,15.14,14.5731,363480
2011-06-06,15.44,15.44,13.27,14.965,14.4047,549600
2011-06-07,15.02,15.535,15.0,15.12,14.5539,665920
2011-06-08,15.15,15.26,14.81,15.015,14.4528,182550
2011-06-09,15.385,15.385,14.865,15.005,14.4432,114830
2011-06-10,15.2,15.98,14.9,15.735,15.1458,778780
2011-06-13,15.68,15.68,15.2,15.31,14.7367,132450
2011-06-14,15.495,15.5,15.25,15.37,14.7945,133710
2011-06-15,15.21,15.385,15.14,15.18,14.6116,170660
2011-06-16,15.01,15.53,14.9,15.265,14.6934,66320
2011-06-17,15.545,15.545,15.1,15.215,14.6453,42700
2011-06-20,15.1,15.3,14.8,14.8,14.2458,44780
2011-06-21,14.21,14.895,14.105,14.625,14.0774,14950
2011-06-22,14.75,14.79,14.325,14.425,13.8849,30810
2011-06-23,14.9,14.915,14.28,14.655,14.1063,272700
2011-06-24,14.775,14.785,14.4,14.49,13.9474,21970
2011-06-27,14.595,14.6,14.31,14.52,13.9763,29250
2011-06-28,14.43,14.6,14.01,14.105,13.5769,54740
2011-06-29,14.34,14.6,13.81,14.44,13.8993,151700
2011-06-30,14.2,14.895,13.805,14.375,13.8367,31040
2011-07-01,14.2,14.6,14.2,14.28,13.7453,34160
2011-07-04,14.21,14.4,14.21,14.36,13.8223,106720
2011-07-05,14.39,14.44,14.21,14.22,13.6876,10460
2011-07-06,14.2,14.4,14.115,14.195,13.6635,29570
2011-07-07,14.3,14.545,14.11,14.235,13.702,22830
2011-07-08,14.145,15.0,14.145,14.39,13.8512,214550
2011-07-11,14.3,14.505,14.13,14.265,13.7309,16760
2011-07-12,13.81,14.3,12.695,14.195,13.6635,67160
2011-07-13,14.1,14.8,14.025,14.555,14.01,136660
2011-07-14,14.55,14.55,14.22,14.31,13.7742,167950
2011-07-15,14.4,14.47,14.07,14.175,13.6442,50210
2011-07-18,14.4,14.5,14.1,14.21,13.6779,46230
2011-07-19,14.37,14.37,14.115,14.21,13.6779,20380
2011-07-20,14.2,14.28,14.08,14.12,13.5913,12310
2011-07-21,14.3,14.3,13.935,14.005,13.4806,26960
2011-07-22,13.805,14.445,13.805,14.06,13.5335,26450
2011-07-25,14.1,14.235,14.0,14.085,13.5576,10250
2011-07-26,14.28,14.3,14.03,14.045,13.5191,18510
2011-07-27,13.82,14.19,13.815,14.01,13.4854,8360
2011-07-28,13.95,14.19,13.91,14.005,13.4806,9130
2011-07-29,13.92,14.59,13.5,13.96,13.4373,670660
2011-08-01,13.805,13.995,13.805,13.915,13.394,12130
2011-08-02,13.9,13.945,13.8,13.81,13.2929,36910
2011-08-03,13.62,14.095,13.62,13.92,13.3988,63850
2011-08-04,13.73,14.0,13.725,13.835,13.317,16710
2011-08-05,13.625,13.985,13.3,13.615,13.1052,69170
2011-08-08,13.2,13.95,13.14,13.435,13.0276,33070
2011-08-09,13.15,13.48,12.5,13.175,12.7755,68090
2011-08-10,13.3,13.68,13.205,13.405,12.9985,338190
2011-08-11,13.125,13.5,13.01,13.3,12.8967,31730
2011-08-12,13.495,13.58,12.37,13.395,12.9888,53230
2011-08-16,13.3,13.4,13.005,13.09,12.6931,9900
2011-08-17,13.09,13.55,12.655,13.045,12.6495,747370
2011-08-18,13.02,13.025,12.66,12.81,12.4216,34850
2011-08-19,12.55,12.89,12.49,12.515,12.1355,68170
2011-08-22,12.25,13.0,11.555,12.855,12.4652,161600
2011-08-23,12.99,12.99,12.6,12.69,12.3052,68980
2011-08-24,12.6,12.845,12.52,12.64,12.2567,9890
2011-08-25,12.57,12.7,12.505,12.6,12.2179,19820
2011-08-26,12.515,12.66,12.115,12.195,11.8252,85250
2011-08-29,12.15,12.68,11.825,12.05,11.6846,82810
2011-08-30,12.2,12.295,12.005,12.045,11.6798,26780
2011-09-02,12.1,12.4,12.005,12.015,11.6507,70390
2011-09-05,12.05,12.7,12.005,12.32,11.9464,169640
2011-09-06,12.4,12.4,12.18,12.25,11.8786,47770
2011-09-07,12.5,12.5,12.25,12.26,11.8883,15550
2011-09-08,12.15,12.7,12.15,12.47,12.0919,43440
2011-09-09,12.3,12.9,12.3,12.615,12.2325,50150
2011-09-12,12.4,12.64,12.2,12.43,12.0531,63810
2011-09-13,12.2,12.7,12.2,12.49,12.1113,48060
2011-09-14,12.4,12.635,12.355,12.545,12.1646,11490
2011-09-15,12.5,12.5,12.35,12.44,12.0628,21620
2011-09-16,12.405,12.6,12.28,12.435,12.058,29880
2011-09-19,12.595,13.0,12.255,12.665,12.281,61250
2011-09-20,12.9,12.9,12.42,12.55,12.1695,29770
2011-09-21,12.5,12.8,12.465,12.65,12.2664,24420
2011-09-22,12.45,12.49,12.185,12.28,11.9077,11490
2011-09-23,12.185,12.455,12.185,12.36,11.9852,31460
2011-09-26,12.495,12.495,12.1,12.155,11.7864,20270
2011-09-27,12.3,12.4,12.08,12.11,11.7428,17300
2011-09-28,12.3,12.38,12.055,12.1,11.7331,18280
2011-09-29,12.22,12.22,12.005,12.045,11.6798,38450
2011-09-30,12.145,12.145,12.005,12.005,11.641,17020
2011-10-03,12.1,12.59,12.005,12.26,11.8883,40260
2011-10-04,12.4,12.4,12.04,12.095,11.7283,66730
2011-10-05,12.15,12.365,12.1,12.17,11.801,48310
2011-10-07,12.155,12.28,12.075,12.1,11.7331,33680
2011-10-10,12.075,12.29,12.005,12.01,11.6458,18300
2011-10-11,12.1,12.15,11.905,12.0,11.6361,31320
2011-10-12,12.03,12.085,12.005,12.03,11.6652,6940
2011-10-13,12.015,12.17,11.91,12.01,11.6458,20570
2011-10-14,12.28,12.29,12.005,12.02,11.6555,9900
2011-10-17,12.28,12.28,12.01,12.01,11.6458,7870
2011-10-18,12.005,12.56,12.005,12.185,11.8155,1545420
2011-10-19,12.3,12.34,12.025,12.07,11.704,31390
2011-10-20,12.03,12.185,12.03,12.05,11.6846,12490
2011-10-21,12.195,12.195,12.005,12.005,11.641,33940
2011-10-24,12.3,12.4,11.96,12.005,11.641,66900
2011-10-25,12.01,12.16,11.95,12.01,11.6458,40090
2011-10-28,12.02,12.3,12.015,12.11,11.7428,13530
2011-10-31,12.01,12.3,12.01,12.05,11.6846,18270
2011-11-01,12.075,12.1,12.02,12.03,11.6652,13400
2011-11-02,12.195,12.195,12.005,12.015,11.6507,5710
2011-11-03,12.1,12.53,12.005,12.455,12.0773,137120
2011-11-04,12.345,12.525,12.345,12.445,12.0676,24530
2011-11-08,12.3,12.9,12.22,12.665,12.281,69770
2011-11-09,12.5,13.0,12.4,12.815,12.4264,39680
2011-11-11,12.7,13.11,12.4,13.005,12.6107,118030
2011-11-14,13.005,13.48,12.705,13.055,12.6592,212270
2011-11-15,13.195,13.3,12.905,12.975,12.5816,70050
2011-11-16,13.18,13.18,12.45,12.52,12.1404,45560
2011-11-17,12.45,12.87,12.45,12.69,12.3052,804750
2011-11-18,12.55,12.83,11.65,11.79,11.4325,323090
2011-11-21,12.005,12.005,11.515,11.57,11.2192,195530
2011-11-22,11.405,11.795,11.405,11.79,11.4325,136890
2011-11-23,11.605,11.845,11.5,11.705,11.3501,367060
2011-11-24,11.8,11.9,11.6,11.81,11.4519,103240
2011-11-25,11.765,11.895,11.6,11.63,11.2774,103250
2011-11-28,11.675,11.895,11.605,11.655,11.3016,104380
2011-11-29,11.7,11.875,11.61,11.79,11.4325,110030
2011-11-30,11.61,11.96,11.61,11.65,11.2968,101250
2011-12-01,11.97,13.0,11.815,11.975,11.6119,150280
2011-12-02,11.91,12.51,11.91,12.305,11.9319,180430
2011-12-05,12.1,12.255,11.915,11.985,11.6216,119540
2011-12-07,11.85,12.1,11.83,11.85,11.4907,172300
2011-12-08,11.83,11.95,11.605,11.66,11.3065,138790
2011-12-09,11.605,11.8,11.605,11.67,11.3161,104940
2011-12-12,11.725,11.775,11.605,11.625,11.2725,58030
2011-12-13,11.605,11.785,11.605,11.62,11.2677,107340
2011-12-14,11.62,11.9,11.605,11.605,11.2531,105710
2011-12-15,11.605,11.885,11.505,11.635,11.2822,116900
2011-12-16,11.665,11.7,11.5,11.585,11.2337,126590
2011-12-19,11.605,11.645,11.52,11.61,11.258,119000
2011-12-20,11.65,11.95,11.48,11.515,11.1658,129770
2011-12-21,11.71,11.715,11.5,11.59,11.2386,119970
2011-12-22,11.61,11.82,11.605,11.605,11.2531,106810
2011-12-23,11.605,11.7,11.605,11.615,11.2628,101930
2011-12-26,11.725,11.79,11.605,11.61,11.258,111370
2011-12-27,11.605,11.74,11.605,11.605,11.2531,110030
2011-12-28,11.65,11.75,11.605,11.61,11.258,106110
2011-12-29,11.655,11.785,11.605,11.665,11.3113,1141740
2011-12-30,11.65,11.87,11.615,11.62,11.2677,109630
2012-01-02,11.73,11.735,11.605,11.645,11.2919,117120
2012-01-03,11.75,11.75,11.665,11.69,11.3355,105550
2012-01-04,11.61,11.78,11.61,11.695,11.3404,106310
2012-01-05,11.705,11.73,11.605,11.605,11.2531,116340
2012-01-06,11.78,11.78,11.605,11.635,11.2822,106170
2012-01-09,11.75,11.96,11.605,11.695,11.3404,165000
2012-01-10,11.71,11.85,11.665,11.67,11.3161,105980
2012-01-11,11.78,12.0,11.74,11.865,11.5052,164330
2012-01-12,11.91,12.1,11.715,11.98,11.6167,124200
2012-01-13,12.0,12.0,11.705,11.73,11.3743,124380
2012-01-16,11.665,11.995,11.66,11.915,11.5537,142780
2012-01-17,11.85,12.0,11.715,11.87,11.5101,100800
2012-01-18,11.9,11.93,11.75,11.835,11.4761,109730
2012-01-19,11.85,12.305,11.755,12.27,11.898,405420
2012-01-20,12.2,12.85,12.03,12.365,11.9901,324800
2012-01-23,12.1,12.5,11.89,12.49,12.1113,106590
2012-01-24,12.45,12.7,12.25,12.6,12.2179,292180
2012-01-25,12.62,12.85,12.5,12.605,12.2228,132310
2012-01-27,12.72,12.785,12.5,12.67,12.2858,206980
2012-01-30,12.7,12.93,12.305,12.695,12.3101,252810
2012-01-31,12.6,12.89,12.6,12.775,12.3876,185650
2012-02-01,12.7,12.9,12.62,12.685,12.3004,166480
2012-02-02,12.72,13.54,12.7,13.2,12.7998,234330
2012-02-03,13.32,13.33,12.905,13.15,12.7513,165270
2012-02-06,13.2,13.59,12.915,12.995,12.601,161240
2012-02-07,13.0,13.29,12.51,12.64,12.2567,272490
2012-02-08,12.795,12.8,12.61,12.655,12.2713,160370
2012-02-09,12.7,12.72,12.6,12.61,12.2276,144910
2012-02-10,12.65,12.86,12.575,12.625,12.2422,241540
2012-02-13,12.65,12.74,12.555,12.605,12.2228,169370
2012-02-14,12.65,12.9,12.545,12.865,12.4749,182780
2012-02-15,12.9,12.975,12.6,12.685,12.3004,160800
2012-02-16,12.79,13.09,12.63,12.695,12.3101,216900
2012-02-17,12.6,12.87,12.47,12.565,12.184,200240
2012-02-21,12.65,13.08,12.41,12.7,12.3149,211930
2012-02-22,12.8,13.39,12.52,13.145,12.7464,242230
2012-02-23,13.2,13.2,12.71,13.045,12.6495,155800
2012-02-24,13.06,13.075,12.71,12.8,12.4119,77400
2012-02-27,12.89,13.19,12.355,12.81,12.4216,85320
2012-02-28,12.75,12.86,12.515,12.58,12.1986,22780
2012-02-29,12.69,12.8,12.565,12.63,12.247,39620
2012-03-01,12.51,12.865,12.41,12.75,12.3634,39140
2012-03-02,12.7,12.725,12.4,12.43,12.0531,16960
2012-03-05,12.405,12.5,12.225,12.255,11.8834,30440
2012-03-06,12.2,12.44,12.2,12.415,12.0386,70100
2012-03-07,12.35,12.48,12.23,12.305,11.9319,310140
2012-03-09,12.22,12.85,12.22,12.675,12.2907,81470
2012-03-12,12.65,13.16,12.375,13.035,12.6398,195930
2012-03-13,13.1,13.2,12.71,13.165,12.7658,277400
2012-03-14,12.955,13.2,12.915,13.165,12.7658,142670
2012-03-15,12.91,13.48,12.85,13.345,12.9404,358420
2012-03-16,13.23,13.375,12.96,13.085,12.6882,268070
2012-03-19,13.0,13.775,13.0,13.53,13.1198,430910
2012-03-20,13.59,14.37,13.59,14.015,13.59,440540
2012-03-21,14.03,14.27,13.82,14.045,13.6191,319210
2012-03-22,14.055,14.3,13.6,13.7,13.2846,520290
2012-03-23,13.85,14.175,13.8,14.025,13.5997,344490
2012-03-26,14.09,14.425,13.925,13.95,13.527,436560
2012-03-27,14.0,14.265,13.9,14.04,13.6143,380930
2012-03-28,14.485,14.655,13.95,14.565,14.1234,773910
2012-03-29,14.425,14.84,13.86,14.72,14.2737,824420
2012-03-30,14.53,15.45,14.06,14.96,14.5064,876910
2012-04-02,14.965,15.47,14.925,15.43,14.9621,329990
2012-04-03,15.425,16.085,15.395,15.93,15.447,495320
2012-04-04,16.38,16.38,15.83,16.01,15.5246,361220
2012-04-09,16.09,16.39,15.93,16.025,15.5391,627800
2012-04-10,16.0,16.275,15.98,16.045,15.5585,350890
2012-04-11,16.09,16.385,15.905,16.045,15.5585,402210
2012-04-12,16.03,16.245,16.005,16.16,15.67,556650
2012-04-13,16.18,16.4,15.41,15.735,15.2579,543730
2012-04-16,16.35,16.5,15.715,15.755,15.2773,452290
2012-04-17,15.895,16.19,15.725,15.935,15.4518,460170
2012-04-18,16.0,16.28,15.92,16.01,15.5246,535500
2012-04-19,16.44,16.44,15.93,15.985,15.5003,528850
2012-04-20,16.2,16.2,15.41,15.805,15.3258,1164180
2012-04-23,16.08,16.13,15.465,15.63,15.1561,700720
2012-04-24,15.525,15.79,15.515,15.62,15.1464,447910
2012-04-25,15.63,16.0,15.6,15.85,15.3694,345770
2012-04-26,15.99,16.005,15.72,15.845,15.3646,531200
2012-04-27,15.83,16.195,15.47,15.825,15.3452,615540
2012-04-30,15.79,15.88,15.725,15.755,15.2773,334610
2012-05-02,15.99,15.99,15.51,15.685,15.2094,723520
2012-05-03,15.63,15.765,15.62,15.665,15.19,325380
2012-05-04,15.6,15.715,15.42,15.53,15.0591,297380
2012-05-07,15.525,15.975,15.415,15.825,15.3452,450770
2012-05-08,15.9,15.98,15.7,15.785,15.3064,349380
2012-05-09,15.995,15.995,15.71,15.815,15.3355,383700
2012-05-10,15.9,16.3,15.72,15.755,15.2773,355650
2012-05-11,15.73,15.96,15.335,15.47,15.0009,620510
2012-05-14,15.53,15.865,15.42,15.44,14.9718,428600
2012-05-15,15.59,17.495,15.43,16.375,15.8785,1184920
2012-05-16,16.25,16.675,16.015,16.095,15.607,384020
2012-05-17,16.55,16.685,16.025,16.38,15.8833,414110
2012-05-18,16.225,16.55,15.5,16.225,15.733,1178210
2012-05-21,16.5,16.5,16.11,16.16,15.67,333080
2012-05-22,16.47,16.47,15.995,16.055,15.5682,590050
2012-05-23,16.39,16.39,15.7,15.97,15.4858,375470
2012-05-24,16.03,17.08,16.03,16.345,15.8494,431080
2012-05-25,16.7,16.7,16.08,16.225,15.733,547570
2012-05-28,16.225,16.48,16.1,16.24,15.7476,315420
2012-05-29,16.66,16.66,16.12,16.16,15.67,565290
2012-05-30,16.125,16.53,15.98,16.05,15.5633,333760
2012-05-31,19.26,19.26,16.005,16.035,15.5488,300040
2012-06-01,16.03,16.2,16.0,16.005,15.5197,499390
2012-06-04,16.025,16.21,15.995,16.04,15.5536,326180
2012-06-05,16.025,16.4,15.73,15.965,15.4809,349490
2012-06-06,16.2,16.2,15.81,15.97,15.4858,360680
2012-06-07,15.92,16.3,15.72,15.935,15.4518,310260
2012-06-08,16.0,16.05,15.915,15.955,15.4712,323950
2012-06-11,16.19,16.19,15.73,15.805,15.3258,367150
2012-06-12,15.725,15.99,15.715,15.81,15.3306,348090
2012-06-13,15.825,16.125,15.695,15.715,15.2385,461070
2012-06-14,15.73,16.0,15.725,15.745,15.2676,429190
2012-06-15,15.71,16.1,15.71,15.82,15.3403,349150
2012-06-18,15.83,16.18,15.61,15.76,15.2821,365430
2012-06-19,15.73,15.88,15.54,15.56,15.0882,196000
2012-06-20,15.53,15.79,15.525,15.535,15.064,207300
2012-06-21,15.54,15.595,15.425,15.455,14.9864,182320
2012-06-22,15.325,15.5,15.25,15.36,14.8943,213810
2012-06-25,15.325,15.445,15.045,15.29,14.8264,198080
2012-06-26,15.1,15.3,14.705,14.865,14.4143,187090
2012-06-27,14.8,15.3,14.66,14.995,14.5403,194380
2012-06-28,14.81,15.35,14.81,15.005,14.55,554840
2012-06-29,14.8,15.35,14.8,15.03,14.5743,208660
2012-07-02,15.01,15.3,14.95,15.165,14.7052,166960
2012-07-03,14.9,15.285,14.81,14.985,14.5306,193870
2012-07-04,14.84,15.185,14.84,14.92,14.4676,184610
2012-07-05,14.91,15.185,14.8,14.88,14.4288,160270
2012-07-06,14.52,15.245,14.52,14.96,14.5064,186780
2012-07-09,14.81,15.18,14.6,14.605,14.1622,2533210
2012-07-10,14.265,15.2,14.265,14.9,14.4482,466800
2012-07-11,14.7,15.09,14.61,14.75,14.3028,158170
2012-07-12,14.61,14.995,14.425,14.795,14.3464,1006980
2012-07-13,14.405,15.01,14.405,14.8,14.3512,184800
2012-07-16,14.5,14.88,14.5,14.695,14.2494,912530
2012-07-17,14.51,15.04,14.51,14.85,14.3997,216220
2012-07-18,14.65,15.59,14.65,15.345,14.8797,757780
2012-07-19,15.795,16.47,15.125,15.89,15.4082,658930
2012-07-20,15.825,16.195,15.815,16.005,15.5197,679150
2012-07-23,15.93,16.295,15.74,15.96,15.4761,519280
2012-07-24,15.93,16.45,15.93,16.045,15.5585,514950
2012-07-25,16.025,16.345,15.8,15.995,15.51,675220
2012-07-26,15.975,16.2,15.9,15.925,15.4421,724840
2012-07-27,15.925,16.28,15.905,16.095,15.607,591750
2012-07-30,16.03,17.4,15.93,16.88,16.3682,1930870
2012-07-31,16.725,16.9,16.61,16.695,16.1888,619290
2012-08-01,16.63,17.43,15.0,15.605,15.1318,3077670
2012-08-02,15.625,16.23,15.625,16.05,15.5633,447430
2012-08-03,16.03,16.395,16.025,16.185,15.6942,639910
2012-08-06,16.225,17.16,16.01,16.385,15.8882,949920
2012-08-07,16.45,16.45,16.105,16.215,15.8199,721250
2012-08-08,16.23,16.4,15.8,16.19,15.7955,733320
2012-08-09,16.13,16.495,16.0,16.235,15.8394,522900
2012-08-10,16.66,16.66,16.22,16.485,16.0833,1538380
2012-08-13,16.5,16.76,16.43,16.54,16.137,560910
2012-08-14,16.53,16.8,16.105,16.475,16.0736,524340
2012-08-16,16.79,16.89,16.31,16.74,16.3321,403600
2012-08-17,16.725,17.55,16.725,17.485,17.0589,709020
2012-08-21,17.595,17.89,17.42,17.61,17.1809,356720
2012-08-22,17.535,17.99,17.3,17.415,16.9906,269830
2012-08-23,17.43,17.7,17.35,17.395,16.9711,298470
2012-08-24,17.33,17.57,17.28,17.375,16.9516,351720
2012-08-27,17.33,17.7,17.05,17.31,16.8882,500000
2012-08-28,17.7,17.7,16.53,17.075,16.6589,356010
2012-08-29,17.025,17.49,16.83,16.965,16.5516,371950
2012-08-30,16.925,17.39,16.9,16.985,16.5711,334370
2012-08-31,16.93,17.3,16.92,16.95,16.537,327530
2012-09-03,17.27,17.98,16.3,17.185,16.7663,625240
2012-09-04,18.0,19.49,17.025,17.455,17.0297,1076350
2012-09-05,17.59,17.97,17.12,17.435,17.0102,308570
2012-09-06,17.23,18.44,17.23,17.905,17.4687,593860
2012-09-07,17.825,18.4,17.825,18.145,17.7029,411890
2012-09-10,17.925,18.655,17.925,18.035,17.5955,323520
2012-09-11,17.93,18.3,17.71,17.85,17.415,347980
2012-09-12,17.83,18.24,17.82,18.06,17.6199,260570
2012-09-13,18.03,18.07,18.01,18.045,17.6053,304670
2012-09-14,18.03,18.05,17.73,17.835,17.4004,354460
2012-09-17,17.825,18.39,17.8,17.9,17.4638,215130
2012-09-18,17.825,18.295,17.82,17.9,17.4638,247090
2012-09-20,17.825,17.99,17.73,17.88,17.4443,157120
2012-09-21,17.83,18.275,17.725,17.84,17.4053,209430
2012-09-24,17.735,18.19,17.705,17.785,17.3516,250640
2012-09-25,17.36,18.275,17.36,17.63,17.2004,454970
2012-09-26,17.205,17.98,16.14,16.91,16.498,229210
2012-09-27,17.8,17.8,15.875,16.11,15.7174,249010
2012-09-28,15.815,17.095,15.7,16.245,15.8492,319390
2012-10-01,16.25,16.85,16.125,16.65,16.2443,290150
2012-10-03,16.72,16.745,16.225,16.505,16.1028,250020
2012-10-04,16.565,16.7,16.255,16.495,16.0931,279020
2012-10-05,16.355,16.585,16.13,16.16,15.7662,119740
2012-10-08,16.31,16.31,16.0,16.005,15.615,119720
2012-10-09,16.055,16.505,16.055,16.4,16.0004,273130
2012-10-10,15.905,16.49,15.54,15.94,15.5516,142450
2012-10-11,15.505,16.59,15.505,16.305,15.9077,212590
2012-10-12,15.82,16.5,15.82,16.015,15.6248,125110
2012-10-15,15.805,16.23,15.805,15.94,15.5516,128560
2012-10-16,16.58,16.58,15.725,15.75,15.3662,138840
2012-10-17,16.215,16.3,15.87,16.08,15.6882,120230
2012-10-18,16.7,16.7,16.0,16.115,15.7223,123510
2012-10-19,16.305,16.305,15.75,16.07,15.6784,129490
2012-10-22,16.03,16.48,16.02,16.02,15.6296,106420
2012-10-23,15.9,16.4,15.77,15.97,15.5809,106810
2012-10-25,15.905,16.385,15.73,15.87,15.4833,109570
2012-10-29,15.85,16.095,15.57,15.665,15.2833,105800
2012-10-30,15.79,16.6,15.7,16.125,15.7321,123610
2012-10-31,16.15,16.49,16.005,16.025,15.6345,111110
2012-11-01,16.0,16.29,15.7,16.17,15.776,113890
2012-11-02,16.1,16.495,15.9,16.0,15.6101,205470
2012-11-05,16.1,16.1,15.57,15.8,15.415,127100
2012-11-06,16.1,16.1,15.6,15.89,15.5028,158040
2012-11-07,16.0,16.0,15.795,15.85,15.4638,106600
2012-11-08,15.795,16.155,15.505,15.94,15.5516,132210
2012-11-09,16.34,16.35,15.7,15.845,15.4589,163970
2012-11-12,15.84,15.92,15.57,15.6,15.2199,107510
2012-11-15,15.825,15.835,15.16,15.22,14.8491,118800
2012-11-16,15.105,15.55,15.105,15.3,14.9272,109480
2012-11-19,15.4,16.385,15.32,15.455,15.0784,167110
2012-11-20,15.46,15.77,15.2,15.255,14.8833,105210
2012-11-21,15.105,15.54,15.1,15.225,14.854,332780
2012-11-22,14.805,15.485,14.8,14.935,14.5711,179620
2012-11-23,14.805,15.385,14.8,14.845,14.4833,129180
2012-11-26,14.7,15.29,13.9,14.235,13.8881,197540
2012-11-27,14.005,14.7,14.005,14.545,14.1906,142860
2012-11-29,14.21,14.675,14.21,14.61,14.254,134160
2012-11-30,14.21,14.87,14.165,14.48,14.1272,141650
2012-12-03,14.185,14.84,14.185,14.345,13.9955,131160
2012-12-04,14.2,14.68,14.055,14.44,14.0881,111240
2012-12-05,14.46,14.74,14.25,14.56,14.2052,184900
2012-12-06,14.505,14.79,14.505,14.595,14.2394,110700
2012-12-07,14.7,14.82,14.315,14.6,14.2442,118430
2012-12-10,14.505,14.78,14.42,14.68,14.3223,108080
2012-12-11,14.6,14.8,14.45,14.69,14.332,126650
2012-12-12,14.605,14.79,14.4,14.45,14.0979,119230
2012-12-13,14.305,14.7,14.2,14.385,14.0345,124290
2012-12-14,14.3,14.8,14.205,14.39,14.0394,152790
2012-12-17,14.305,14.78,14.25,14.41,14.0589,113330
2012-12-18,14.3,14.44,14.205,14.3,13.9516,109910
2012-12-19,14.355,14.75,14.22,14.41,14.0589,115990
2012-12-20,14.42,14.75,14.075,14.235,13.8881,149280
2012-12-21,14.1,14.69,13.92,14.04,13.6979,229940
2012-12-24,14.0,14.55,13.82,13.87,13.532,109670
2012-12-26,13.8,14.49,13.8,14.36,14.0101,317600
2012-12-27,14.445,14.45,13.87,14.015,13.6735,320640
2012-12-28,13.9,14.27,13.72,14.02,13.6784,111230
2012-12-31,14.395,14.43,13.86,14.11,13.7662,110870
2013-01-01,14.13,14.17,13.905,13.975,13.6345,111120
2013-01-02,14.0,14.395,13.92,14.01,13.6686,115030
2013-01-03,13.9,14.375,13.8,13.915,13.5759,124710
2013-01-04,13.85,14.45,13.765,13.925,13.5857,112060
2013-01-07,13.855,14.07,13.76,13.925,13.5857,115510
2013-01-08,13.95,14.0,13.81,13.915,13.5759,107630
2013-01-09,14.2,14.66,13.705,14.305,13.9564,148790
2013-01-10,14.1,14.1,12.8,13.145,12.8247,225130
2013-01-11,13.15,13.69,11.96,12.095,11.8003,445090
2013-01-14,12.0,12.5,11.5,12.16,11.8637,132220
2013-01-15,12.39,12.4,11.955,11.975,11.6832,158810
2013-01-16,12.08,12.085,11.84,11.945,11.6539,129560
2013-01-17,11.9,12.175,11.525,11.965,11.6734,689060
2013-01-18,12.1,12.45,11.04,11.815,11.5271,421340
2013-01-21,11.985,12.0,11.71,11.86,11.571,118050
2013-01-22,11.76,11.9,11.44,11.645,11.3612,109560
2013-01-23,11.615,11.7,11.505,11.625,11.3417,110160
2013-01-24,11.55,11.96,9.3,9.885,9.6441,2490130
2013-01-25,9.7,11.785,9.5,10.565,10.3076,1318970
2013-01-28,10.4,10.495,10.2,10.32,10.0685,141840
2013-01-29,10.3,10.45,10.015,10.24,9.9905,124240
2013-01-30,10.25,10.4,10.025,10.16,9.9124,131900
2013-01-31,10.2,10.495,10.025,10.375,10.1222,128860
2013-02-01,10.2,10.66,10.035,10.17,9.9222,146340
2013-02-04,10.37,10.69,10.305,10.325,10.0734,118470
2013-02-05,11.2,12.245,10.0,10.24,9.9905,265880
2013-02-06,10.25,10.445,10.025,10.25,10.0002,116410
2013-02-07,10.58,10.58,10.0,10.255,10.0051,124120
2013-02-08,10.3,10.5,10.0,10.305,10.0539,116400
2013-02-11,10.315,10.695,10.005,10.125,9.8783,155070
2013-02-12,10.1,10.3,9.82,9.895,9.6539,139520
2013-02-13,10.1,10.1,9.85,9.94,9.6978,129790
2013-02-14,10.195,10.195,9.7,9.905,9.6636,128380
2013-02-15,10.05,10.22,9.705,10.04,9.7954,174890
2013-02-18,10.0,10.295,9.805,9.88,9.6393,109820
2013-02-19,10.0,10.09,9.72,9.775,9.5368,113210
2013-02-20,10.2,10.2,9.65,9.9,9.6588,125000
2013-02-21,10.25,10.29,9.635,9.68,9.4441,123630
2013-02-22,10.195,10.2,9.6,9.76,9.5222,128240
2013-02-25,9.615,10.0,9.555,9.71,9.4734,158380
2013-02-26,9.7,9.795,9.2,9.625,9.3905,188300
2013-02-27,9.505,9.59,9.0,9.405,9.1758,143730
2013-02-28,9.41,9.51,9.01,9.135,8.9124,143620
2013-03-01,9.5,9.52,9.05,9.245,9.0197,131590
2013-03-04,9.51,10.01,9.305,9.5,9.2685,124170
2013-03-05,9.8,9.81,9.31,9.5,9.2685,107510
2013-03-06,8.505,9.8,8.505,9.43,9.2002,116560
2013-03-07,9.5,9.525,9.305,9.445,9.2149,109000
2013-03-08,9.4,9.69,9.35,9.41,9.1807,137070
2013-03-11,9.7,9.8,9.4,9.545,9.3124,118480
2013-03-12,9.6,9.6,9.32,9.355,9.127,107800
2013-03-13,9.5,9.6,9.32,9.335,9.1075,133080
2013-03-14,9.5,9.595,9.305,9.33,9.1027,116490
2013-03-15,9.35,9.48,9.305,9.33,9.1027,114750
2013-03-18,9.325,9.33,8.9,8.95,8.7319,135520
2013-03-19,9.0,9.5,8.995,9.36,9.1319,124990
2013-03-20,9.305,9.995,9.205,9.355,9.127,122310
2013-03-21,9.35,9.9,9.3,9.47,9.2392,114150
2013-03-22,9.5,9.52,9.3,9.32,9.0929,107580
2013-03-25,9.36,9.6,9.15,9.32,9.0929,726990
2013-03-26,9.1,9.485,8.9,9.295,9.0685,777710
2013-03-28,9.305,11.1,9.005,10.185,9.9368,183540
2013-04-01,10.0,10.2,9.825,10.1,9.8539,128090
2013-04-02,9.9,10.1,9.6,9.895,9.6539,118370
2013-04-03,9.89,10.025,9.605,9.955,9.7124,109900
2013-04-04,9.4,9.95,9.3,9.495,9.2636,129570
2013-04-05,9.4,9.55,9.3,9.325,9.0978,119430
2013-04-08,9.35,9.495,9.3,9.35,9.1222,110220
2013-04-09,9.48,9.82,9.305,9.405,9.1758,111480
2013-04-10,9.45,10.5,9.345,9.725,9.488,118290
2013-04-11,9.77,9.85,9.325,9.495,9.2636,115820
2013-04-12,9.4,9.695,9.4,9.535,9.3027,106970
2013-04-15,9.305,10.1,9.3,9.67,9.4344,113150
2013-04-16,9.78,9.8,9.3,9.415,9.1856,108340
2013-04-17,9.42,9.595,9.3,9.44,9.21,107630
2013-04-18,9.46,9.565,9.3,9.495,9.2636,129280
2013-04-22,9.3,9.695,9.3,9.495,9.2636,120280
2013-04-23,9.4,9.65,9.305,9.645,9.41,109080
2013-04-25,9.575,9.6,9.3,9.445,9.2149,109140
2013-04-26,9.44,9.955,9.3,9.75,9.5124,133440
2013-04-29,9.765,9.9,9.57,9.65,9.4149,108670
2013-04-30,9.52,9.735,9.31,9.63,9.3953,111470
2013-05-02,9.51,9.68,9.435,9.62,9.3856,113140
2013-05-03,9.6,9.8,9.32,9.4,9.1709,106990
2013-05-06,9.575,9.74,9.33,9.51,9.2783,115150
2013-05-07,9.55,9.6,9.41,9.525,9.2929,111480
2013-05-08,9.5,10.1,9.425,9.815,9.5758,177380
2013-05-09,9.8,9.85,9.5,9.62,9.3856,106850
2013-05-10,9.525,9.63,9.42,9.54,9.3075,107620
2013-05-13,9.55,9.58,9.34,9.455,9.2246,121900
2013-05-14,9.475,9.65,9.3,9.48,9.249,113650
2013-05-15,9.32,9.65,9.31,9.5,9.2685,107210
2013-05-16,9.45,9.7,9.35,9.48,9.249,111480
2013-05-17,9.52,9.68,9.31,9.465,9.2344,145690
2013-05-20,9.5,9.74,9.35,9.43,9.2002,148570
2013-05-21,9.4,9.5,9.32,9.4,9.1709,106320
2013-05-22,9.6,9.6,9.32,9.395,9.1661,112460
2013-05-23,9.59,9.59,9.3,9.395,9.1661,258090
2013-05-24,9.4,9.5,9.3,9.38,9.1514,106720
2013-05-27,9.57,9.57,9.3,9.38,9.1514,107170
2013-05-28,9.39,9.515,9.35,9.365,9.1368,157740
2013-05-29,9.45,9.45,9.315,9.355,9.127,105560
2013-05-30,9.4,9.54,9.3,9.46,9.2295,171790
2013-05-31,9.31,9.46,9.1,9.245,9.0197,116570
2013-06-03,9.5,9.5,9.3,9.36,9.1319,138010
2013-06-04,9.41,9.41,9.3,9.4,9.1709,106390
2013-06-05,9.41,9.445,9.3,9.425,9.1953,108500
2013-06-06,9.415,9.42,9.3,9.37,9.1417,110520
2013-06-07,9.43,9.455,9.31,9.39,9.1612,137570
2013-06-10,9.4,9.435,9.3,9.395,9.1661,127570
2013-06-11,9.41,9.41,8.845,9.29,9.0636,118950
2013-06-12,9.3,9.48,9.225,9.355,9.127,151650
2013-06-13,9.33,9.415,9.3,9.37,9.1417,143990
2013-06-14,9.4,9.42,9.3,9.325,9.0978,151730
2013-06-17,9.38,9.5,9.305,9.4,9.1709,150050
2013-06-18,9.42,9.46,9.305,9.43,9.2002,162430
2013-06-19,9.4,9.41,9.3,9.35,9.1222,108500
2013-06-20,9.3,9.4,9.05,9.275,9.049,110790
2013-06-21,9.37,9.375,9.25,9.325,9.0978,108770
2013-06-24,9.39,9.43,8.955,9.07,8.849,114080
2013-06-25,9.27,9.38,9.2,9.29,9.0636,110150
2013-06-26,9.325,9.365,9.26,9.28,9.0539,152710
2013-06-27,9.35,9.4,9.155,9.215,8.9905,106790
2013-06-28,9.33,9.39,9.09,9.32,9.0929,107390
2013-07-01,9.4,9.575,9.3,9.415,9.1856,161120
2013-07-02,9.44,9.45,9.3,9.33,9.1027,109720
2013-07-03,9.33,9.4,9.105,9.25,9.0246,112190
2013-07-04,9.41,9.49,9.3,9.395,9.1661,151920
2013-07-05,9.4,9.445,9.3,9.33,9.1027,105120
2013-07-08,9.4,9.4,9.3,9.3,9.0734,119350
2013-07-09,9.435,9.445,9.3,9.31,9.0831,107200
2013-07-10,9.4,9.4,9.22,9.28,9.0539,120410
2013-07-11,9.38,9.38,9.3,9.35,9.1222,136050
2013-07-12,9.38,9.38,9.21,9.29,9.0636,112850
2013-07-15,9.35,9.45,9.3,9.355,9.127,106050
2013-07-16,9.34,9.44,9.3,9.34,9.1124,188350
2013-07-17,9.38,9.385,9.225,9.26,9.0344,108960
2013-07-18,9.33,9.36,9.205,9.255,9.0295,148520
2013-07-19,9.35,9.36,9.2,9.245,9.0197,144030
2013-07-22,9.3,9.37,9.215,9.22,8.9953,109790
2013-07-23,9.3,9.3,9.1,9.255,9.0295,112350
2013-07-24,9.18,9.7,9.145,9.16,8.9368,148370
2013-07-25,9.25,9.32,9.15,9.185,8.9612,105690
2013-07-26,9.2,9.38,9.2,9.335,9.1075,116380
2013-07-29,9.35,9.35,9.18,9.275,9.049,145440
2013-07-30,9.46,9.46,8.505,8.935,8.7173,148000
2013-07-31,9.1,9.23,8.5,9.03,8.81,128230
2013-08-01,9.23,9.65,8.75,9.01,8.7905,113080
2013-08-02,9.1,9.3,8.7,8.955,8.7368,115960
2013-08-05,9.155,9.65,8.8,8.935,8.7173,112310
2013-08-06,9.0,9.065,8.87,8.91,8.6929,106390
2013-08-07,8.92,9.07,8.7,8.89,8.7718,108840
2013-08-08,9.2,9.2,8.505,8.985,8.8656,119470
2013-08-12,9.0,9.29,9.0,9.27,9.1468,109530
2013-08-13,9.3,9.3,8.7,8.935,8.8162,122090
2013-08-14,9.135,9.68,8.855,9.025,8.905,128570
2013-08-16,9.05,9.15,8.7,9.0,8.8804,122880
2013-08-19,9.2,9.5,8.845,8.905,8.7866,110930
2013-08-20,8.8,8.985,8.76,8.855,8.7373,109630
2013-08-21,8.9,9.045,8.8,8.835,8.7176,110430
2013-08-22,8.9,9.2,8.79,9.015,8.8952,111140
2013-08-23,9.21,9.21,8.8,8.98,8.8606,116970
2013-08-26,9.0,9.04,8.85,8.965,8.8458,106560
2013-08-27,9.0,9.2,8.8,8.975,8.8557,108700
2013-08-28,8.9,9.1,8.705,8.9,8.7817,107160
2013-08-29,8.81,8.9,8.8,8.805,8.688,107740
2013-08-30,9.06,9.06,8.8,8.865,8.7472,111230
2013-09-02,8.9,9.09,8.83,8.99,8.8705,112100
2013-09-03,9.05,9.2,8.7,8.975,8.8557,116150
2013-09-04,9.0,9.0,8.75,8.89,8.7718,114250
2013-09-05,8.89,9.085,8.88,8.945,8.8261,109430
2013-09-06,8.96,9.6,8.835,9.135,9.0136,118810
2013-09-10,8.95,9.635,8.91,9.085,8.9642,107460
2013-09-11,9.05,9.13,8.935,9.045,8.9248,108800
2013-09-12,9.2,9.28,8.91,9.09,8.9692,113420
2013-09-13,9.14,9.23,8.825,9.115,8.9938,130060
2013-09-16,9.05,9.2,8.94,9.005,8.8853,115160
2013-09-17,8.9,9.19,8.75,9.01,8.8902,143550
2013-09-18,9.1,9.3,8.95,9.085,8.9642,116480
2013-09-19,8.95,9.285,8.935,9.065,8.9445,126140
2013-09-20,8.98,9.235,8.95,9.05,8.9297,113910
2013-09-23,8.95,9.105,8.905,9.025,8.905,106320
2013-09-24,9.0,9.2,8.905,9.1,8.979,183060
2013-09-25,9.035,9.16,8.91,9.005,8.8853,110640
2013-09-26,8.92,9.085,8.905,8.955,8.836,111900
2013-09-27,9.3,9.3,8.935,9.085,8.9642,163050
2013-09-30,8.985,9.195,8.9,9.035,8.9149,113150
2013-10-01,8.935,9.145,8.905,9.045,8.9248,107270
2013-10-03,9.06,9.15,8.97,9.005,8.8853,110740
2013-10-04,8.985,10.0,8.95,9.14,9.0185,163290
2013-10-07,8.955,9.28,8.93,9.085,8.9642,139910
2013-10-08,8.96,9.215,8.925,9.085,8.9642,112990
2013-10-09,9.15,9.17,9.03,9.09,8.9692,130310
2013-10-10,8.97,9.19,8.96,9.03,8.91,110040
2013-10-11,9.1,9.185,8.9,9.0,8.8804,120360
2013-10-14,8.95,9.075,8.95,8.975,8.8557,109590
2013-10-15,9.0,9.07,8.915,8.975,8.8557,115020
2013-10-17,9.095,9.115,8.9,8.97,8.8508,116630
2013-10-18,9.04,9.045,8.91,8.93,8.8113,225400
2013-10-21,9.05,9.11,8.905,9.0,8.8804,263450
2013-10-22,9.1,9.1,8.93,8.95,8.831,122950
2013-10-23,8.97,9.135,8.945,8.985,8.8656,110400
2013-10-24,9.035,9.3,8.935,9.185,9.0629,119340
2013-10-25,9.055,9.18,8.975,9.125,9.0037,125960
2013-10-28,9.05,9.07,8.905,8.925,8.8064,115620
2013-10-29,9.025,9.025,8.81,8.905,8.7866,118340
2013-10-30,8.975,9.095,8.96,8.99,8.8705,111610
2013-10-31,9.0,9.05,8.9,8.91,8.7916,116490
2013-11-01,9.025,9.16,8.9,9.035,8.9149,206370
2013-11-05,8.9,9.08,8.9,9.07,8.9494,107480
2013-11-06,8.93,9.395,8.93,9.19,9.0678,117540
2013-11-07,9.1,9.23,9.075,9.13,9.0086,111250
2013-11-08,9.15,9.2,8.905,8.945,8.8261,109700
2013-11-11,9.01,9.2,8.915,8.915,8.7965,112800
2013-11-12,9.0,9.0,8.9,8.91,8.7916,108160
2013-11-13,8.985,9.005,8.75,8.91,8.7916,116290
2013-11-14,8.9,9.005,8.505,8.735,8.6189,120870
2013-11-18,8.9,8.95,8.75,8.775,8.6584,110210
2013-11-19,8.705,8.9,8.4,8.555,8.4413,181960
2013-11-20,8.5,8.7,8.5,8.65,8.535,113890
2013-11-21,8.705,8.9,8.655,8.77,8.6534,109030
2013-11-22,8.8,8.995,8.675,8.755,8.6386,110780
2013-11-25,8.74,9.0,8.7,8.895,8.7768,110270
2013-11-26,8.8,9.0,8.52,8.865,8.7472,115410
2013-11-27,8.78,8.975,8.67,8.935,8.8162,114430
2013-11-28,8.85,8.96,8.57,8.685,8.5696,128840
2013-11-29,8.9,8.9,8.57,8.735,8.6189,114610
2013-12-02,8.735,8.94,8.675,8.735,8.6189,113440
2013-12-03,8.75,8.89,8.71,8.77,8.6534,109010
2013-12-04,8.805,8.91,8.715,8.715,8.5992,120000
2013-12-05,8.795,8.94,8.755,8.845,8.7274,110970
2013-12-06,8.8,8.925,8.56,8.7,8.5844,128960
2013-12-09,8.72,8.87,8.5,8.555,8.4413,122440
2013-12-10,8.705,8.9,8.5,8.55,8.4363,123360
2013-12-11,8.69,8.76,8.6,8.7,8.5844,115490
2013-12-12,8.7,8.825,8.52,8.755,8.6386,116040
2013-12-13,8.79,8.84,8.555,8.785,8.6682,125020
2013-12-16,8.54,8.995,8.5,8.85,8.7324,120940
2013-12-17,8.7,8.9,8.605,8.81,8.6929,111060
2013-12-18,8.65,8.995,8.6,8.825,8.7077,169150
2013-12-19,8.78,8.93,8.65,8.865,8.7472,166780
2013-12-20,8.81,8.945,8.72,8.885,8.7669,159160
2013-12-23,8.8,8.975,8.785,8.875,8.757,118140
2013-12-24,8.9,9.0,8.7,8.91,8.7916,127690
2013-12-26,8.85,9.05,8.8,9.04,8.9198,189160
2013-12-27,9.5,9.5,8.6,9.36,9.2356,199840
2013-12-30,9.5,10.2,9.315,10.015,9.8819,216380
2013-12-31,10.01,10.475,10.01,10.3,10.1631,186580
2014-01-01,10.005,10.625,10.005,10.415,10.2766,222390
2014-01-02,10.015,10.6,10.015,10.49,10.3506,204240
2014-01-03,10.495,10.58,10.05,10.49,10.3506,174670
2014-01-06,10.5,10.895,10.35,10.775,10.6318,128900
2014-01-07,10.8,10.99,10.5,10.765,10.6219,155530
2014-01-08,10.6,10.83,10.505,10.72,10.5775,143040
2014-01-09,10.79,10.945,10.64,10.71,10.5676,174390
2014-01-10,10.9,11.02,10.64,10.815,10.6712,147240
2014-01-13,11.0,11.05,10.7,10.885,10.7403,136810
2014-01-14,11.01,11.4,10.765,11.265,11.1153,164780
2014-01-15,11.01,11.7,11.01,11.65,11.4951,252570
2014-01-16,11.7,12.0,11.65,11.97,11.8109,534200
2014-01-17,12.0,12.29,11.615,11.755,11.5987,212640
2014-01-20,11.67,11.8,11.015,11.57,11.4162,221000
2014-01-21,11.7,11.75,11.31,11.525,11.3718,148250
2014-01-22,11.97,12.17,11.81,12.045,11.8849,562970
2014-01-23,12.3,12.4,11.4,11.875,11.7171,413920
2014-01-24,11.935,12.055,11.31,11.395,11.2435,248840
2014-01-27,11.4,11.795,11.3,11.395,11.2435,133100
2014-01-28,11.5,11.5,11.125,11.255,11.1054,121640
2014-01-29,11.4,11.9,11.2,11.22,11.0709,110630
2014-01-30,11.4,11.4,10.7,11.09,10.9426,118440
2014-01-31,11.5,11.5,10.465,10.625,10.4838,803590
2014-02-03,10.8,10.8,10.405,10.505,10.3654,1303790
2014-02-04,10.6,11.0,10.475,10.51,10.3703,1099740
2014-02-05,10.6,11.0,10.6,10.75,10.6071,255220
2014-02-06,10.8,10.86,10.475,10.645,10.5035,928720
2014-02-07,10.65,10.695,10.57,10.57,10.4295,182740
2014-02-10,10.58,10.95,10.51,10.63,10.4887,136770
2014-02-11,10.69,10.79,10.6,10.755,10.612,104210
2014-02-12,10.75,10.975,10.615,10.95,10.8044,172000
2014-02-13,10.75,10.895,10.655,10.665,10.5232,104000
2014-02-14,10.67,10.8,10.475,10.54,10.3999,1048490
2014-02-17,10.68,10.68,10.44,10.51,10.3703,870490
2014-02-18,10.525,10.7,10.455,10.665,10.5232,741960
2014-02-19,10.66,11.495,10.505,11.265,11.1153,123730
2014-02-20,11.3,11.445,11.05,11.225,11.0758,188390
2014-02-21,11.395,11.87,11.105,11.78,11.6234,143170
2014-02-24,11.615,12.7,11.615,12.3,12.1365,152410
2014-02-25,12.45,13.09,12.36,12.965,12.7927,230550
2014-02-26,12.805,13.0,12.77,12.835,12.6644,123320
2014-02-28,12.895,13.19,12.805,12.875,12.7039,114740
2014-03-03,12.9,12.965,12.0,12.585,12.4177,126880
2014-03-04,12.6,12.7,12.405,12.545,12.3782,108040
2014-03-05,12.6,12.625,12.305,12.425,12.2598,109970
2014-03-06,12.55,12.585,12.11,12.2,12.0378,112710
2014-03-07,12.315,12.445,12.11,12.295,12.1316,106550
2014-03-10,12.315,12.345,12.145,12.21,12.0477,143990
2014-03-11,12.31,12.395,12.175,12.18,12.0181,210660
2014-03-12,12.325,12.35,12.05,12.3,12.1365,110750
2014-03-13,12.4,12.415,12.205,12.375,12.2105,108060
2014-03-14,12.34,12.345,12.2,12.21,12.0477,160910
2014-03-18,12.265,12.41,12.0,12.175,12.0132,119330
2014-03-19,12.34,12.35,12.125,12.35,12.1858,108770
2014-03-20,12.34,12.395,12.1,12.32,12.1562,162940
2014-03-21,12.325,12.345,12.0,12.205,12.0428,111210
2014-03-24,12.325,12.4,12.2,12.2,12.0378,107000
2014-03-25,12.325,12.39,12.025,12.16,11.9984,118410
2014-03-26,12.28,12.315,12.1,12.14,11.9786,116370
2014-03-27,12.3,12.48,12.15,12.3,12.1365,150330
2014-03-28,12.3,12.5,12.12,12.135,11.9737,125720
2014-03-31,12.385,13.11,12.1,12.75,12.5805,120380
2014-04-01,13.1,13.3,12.105,12.215,12.0526,187890
2014-04-02,12.3,12.5,12.1,12.25,12.0872,111580
2014-04-03,12.295,12.395,12.2,12.205,12.0428,103970
2014-04-04,12.3,12.305,12.11,12.11,11.949,113060
2014-04-07,12.3,12.395,12.055,12.14,11.9786,116040
2014-04-09,12.2,12.26,12.1,12.23,12.0674,254850
2014-04-10,12.39,12.39,12.055,12.105,11.9441,229080
2014-04-11,12.23,12.23,12.005,12.165,12.0033,184430
2014-04-15,12.25,12.25,12.115,12.115,11.954,105180
2014-04-16,12.2,12.2,12.05,12.185,12.023,107770
2014-04-17,12.2,12.2,12.035,12.05,11.8898,112840
2014-04-21,12.15,12.15,12.035,12.045,11.8849,111650
2014-04-22,12.1,12.17,12.035,12.055,11.8948,105040
2014-04-23,12.05,12.08,11.91,11.99,11.8306,114010
2014-04-24,11.99,11.99,11.99,11.99,11.8306,0
2014-04-25,12.05,12.05,11.96,12.0,11.8405,105500
2014-04-28,12.05,12.2,12.005,12.2,12.0378,105360
2014-04-29,12.1,12.19,11.97,12.04,11.88,116930
2014-04-30,12.1,12.195,11.91,11.98,11.8208,171980
2014-05-02,11.815,12.09,11.7,11.8,11.6431,177220
2014-05-05,11.8,11.9,11.8,11.805,11.6481,101150
2014-05-06,11.88,11.88,11.53,11.675,11.5198,122380
2014-05-07,11.65,11.68,11.55,11.6,11.4458,104910
2014-05-08,11.7,11.7,11.6,11.605,11.4507,102910
2014-05-09,11.75,11.75,11.665,11.695,11.5395,101800
2014-05-12,11.7,11.8,11.505,11.75,11.5938,104920
2014-05-13,11.8,11.92,11.55,11.9,11.7418,112900
2014-05-14,11.885,12.0,11.64,11.765,11.6086,139850
2014-05-15,11.82,12.01,11.6,11.915,11.7566,108990
2014-05-16,11.9,13.0,11.9,12.18,12.0181,179460
2014-05-19,12.2,12.4,11.91,12.33,12.1661,138590
2014-05-20,12.1,12.5,11.9,12.4,12.2352,110690
2014-05-21,12.42,12.495,12.12,12.23,12.0674,122180
2014-05-22,12.3,12.995,12.1,12.81,12.6397,153360
2014-05-23,12.85,12.94,12.37,12.72,12.5509,152600
2014-05-26,13.39,13.5,12.25,12.705,12.5361,351770
2014-05-27,12.7,12.7,12.26,12.4,12.2352,125020
2014-05-28,12.75,12.77,12.255,12.57,12.4029,124660
2014-05-29,12.55,12.8,12.28,12.405,12.2401,131450
2014-05-30,12.425,13.5,12.405,12.94,12.768,165620
2014-06-02,12.7,13.185,12.32,12.495,12.3289,141300
2014-06-03,12.4,12.71,12.31,12.425,12.2598,131520
2014-06-04,12.5,12.795,12.31,12.48,12.3141,119600
2014-06-05,12.5,12.55,11.8,12.23,12.0674,274720
2014-06-06,12.7,13.7,12.7,12.975,12.8025,462730
2014-06-09,13.0,13.0,12.4,12.735,12.5657,166990
2014-06-10,12.68,12.76,12.565,12.59,12.4226,128830
2014-06-11,12.7,13.1,12.41,12.575,12.4078,177010
2014-06-12,12.68,12.68,12.21,12.37,12.2056,114520
2014-06-13,12.405,12.545,12.1,12.235,12.0724,127800
2014-06-16,12.065,12.3,12.04,12.15,11.9885,192540
2014-06-17,12.2,12.68,12.05,12.49,12.324,141910
2014-06-18,12.22,12.665,12.115,12.585,12.4177,180130
2014-06-19,12.8,13.89,12.505,12.58,12.4128,269630
2014-06-20,12.6,12.635,12.32,12.375,12.2105,119220
2014-06-23,12.005,12.415,12.005,12.25,12.0872,232150
2014-06-24,12.275,12.395,12.02,12.25,12.0872,122540
2014-06-25,12.055,12.3,12.055,12.245,12.0822,108980
2014-06-26,12.23,12.265,12.08,12.11,11.949,117550
2014-06-27,11.86,12.19,11.82,11.865,11.7073,132400
2014-06-30,11.915,11.96,11.825,11.885,11.727,113100
2014-07-01,11.965,12.3,11.945,12.215,12.0526,175930
2014-07-02,12.335,12.575,12.2,12.505,12.3388,151260
2014-07-03,12.35,12.365,12.21,12.21,12.0477,107290
2014-07-04,12.245,12.435,12.045,12.38,12.2154,125940
2014-07-07,12.43,12.595,12.205,12.51,12.3437,149910
2014-07-08,12.395,12.525,12.215,12.305,12.1414,148310
2014-07-09,12.335,12.465,12.155,12.18,12.0181,110860
2014-07-10,12.215,12.505,12.04,12.4,12.2352,179370
2014-07-11,12.445,12.485,12.02,12.175,12.0132,121740
2014-07-14,12.195,12.225,12.045,12.05,11.8898,117720
2014-07-15,12.265,12.36,12.05,12.075,11.9145,112940
2014-07-16,12.285,12.49,12.07,12.1,11.9392,133620
2014-07-17,12.165,12.215,12.065,12.18,12.0181,106960
2014-07-18,12.195,12.405,12.09,12.325,12.1612,128520
2014-07-21,12.38,12.425,12.13,12.205,12.0428,111130
2014-07-22,12.315,12.365,12.195,12.26,12.097,118720
2014-07-23,12.355,12.465,12.215,12.25,12.0872,106940
2014-07-24,12.355,12.45,12.15,12.25,12.0872,124180
2014-07-25,12.365,12.38,12.0,12.125,11.9638,306790
2014-07-28,12.125,12.2,11.91,11.94,11.7813,98900
2014-07-30,12.11,12.11,11.84,11.92,11.7615,125390
2014-07-31,11.935,11.985,11.9,11.9,11.7418,107500
2014-08-01,12.02,12.2,11.805,11.815,11.6579,115930
2014-08-04,11.9,12.1,11.9,11.975,11.8158,133060
2014-08-05,12.015,12.015,11.81,11.845,11.6875,171400
2014-08-06,11.825,11.9,11.8,11.845,11.6875,106500
2014-08-07,11.925,11.97,11.805,11.835,11.6777,110890
2014-08-08,11.8,11.8,11.6,11.68,11.5247,112820
2014-08-11,11.805,11.87,11.42,11.435,11.283,144600
2014-08-12,11.625,11.655,11.18,11.29,11.1399,170300
2014-08-13,11.465,11.495,11.2,11.245,11.0955,109560
2014-08-14,11.285,11.35,11.15,11.15,11.0018,108730
2014-08-18,11.135,11.4,11.125,11.28,11.1301,105350
2014-08-19,11.235,11.575,11.225,11.43,11.2781,112580
2014-08-20,11.52,11.57,11.155,11.535,11.3817,105340
2014-08-21,11.665,11.675,11.315,11.43,11.2781,118020
2014-08-22,11.465,11.465,11.18,11.225,11.0758,119250
2014-08-25,11.255,11.4,11.105,11.355,11.2041,238450
2014-08-26,11.505,11.795,11.315,11.605,11.4507,115560
2014-08-27,11.325,11.62,11.325,11.545,11.3915,101970
2014-08-28,11.625,11.65,11.27,11.32,11.1695,139110
2014-09-01,11.795,11.795,11.225,11.57,11.4162,123520
2014-09-02,11.55,11.55,11.305,11.36,11.209,114870
2014-09-03,11.455,11.7,11.31,11.59,11.4359,112390
2014-09-04,11.65,11.675,11.305,11.485,11.3323,111990
2014-09-05,11.54,11.575,11.31,11.325,11.1745,110950
2014-09-08,11.325,11.845,11.325,11.685,11.5297,110830
2014-09-09,11.65,11.66,11.2,11.34,11.1893,118740
2014-09-10,11.35,11.75,11.35,11.515,11.3619,113530
2014-09-11,11.315,11.48,11.23,11.34,11.2873,127520
2014-09-12,11.45,11.505,11.305,11.395,11.342,109900
2014-09-15,11.45,11.5,11.26,11.27,11.2176,103890
2014-09-16,11.355,11.5,11.2,11.345,11.2923,105950
2014-09-17,11.35,11.4,11.2,11.275,11.2226,105390
2014-09-18,11.2,11.495,11.2,11.26,11.2077,113680
2014-09-19,11.39,11.39,11.215,11.25,11.1977,105030
2014-09-22,11.345,11.345,11.155,11.17,11.1181,112460
2014-09-23,11.26,11.605,11.11,11.51,11.4565,125390
2014-09-24,12.295,12.295,11.45,11.56,11.5063,122180
2014-09-25,11.665,12.095,11.245,11.485,11.4316,173460
2014-09-26,11.795,11.795,11.305,11.37,11.3171,105950
2014-09-29,11.845,11.845,11.255,11.575,11.5212,108330
2014-09-30,11.615,11.69,11.38,11.53,11.4764,112500
2014-10-01,11.825,11.825,11.205,11.355,11.3022,104780
2014-10-07,11.77,11.77,11.125,11.32,11.2674,147460
2014-10-08,11.3,11.3,11.07,11.18,11.128,123170
2014-10-09,11.395,11.55,11.2,11.365,11.3122,121150
2014-10-10,11.12,11.5,11.11,11.45,11.3968,109930
2014-10-13,11.99,11.99,11.25,11.7,11.6456,109190
2014-10-14,11.57,11.95,11.315,11.585,11.5311,109430
2014-10-15,11.585,11.585,11.585,11.585,11.5311,0
2014-10-16,11.5,11.595,11.275,11.28,11.2276,109660
2014-10-17,11.9,11.9,11.3,11.385,11.3321,106530
2014-10-20,11.4,11.45,11.125,11.275,11.2226,106730
2014-10-21,11.305,12.0,11.3,11.78,11.7252,116530
2014-10-22,12.79,12.79,11.5,11.89,11.8347,201870
2014-10-27,11.8,11.965,11.72,11.885,11.8297,104020
2014-10-28,11.8,11.95,11.525,11.685,11.6307,122650
2014-10-29,11.725,11.8,11.61,11.61,11.556,103650
2014-10-30,11.7,11.8,11.65,11.715,11.6605,103150
2014-10-31,11.805,11.825,11.55,11.74,11.6854,105780
2014-11-03,11.655,11.76,11.65,11.7,11.6456,104460
2014-11-05,11.805,11.835,11.3,11.795,11.7402,108720
2014-11-07,11.85,12.0,11.535,11.855,11.7999,128420
2014-11-10,11.955,12.265,11.655,12.09,12.0338,108900
2014-11-11,12.055,12.095,11.605,11.95,11.8944,107540
2014-11-12,12.3,14.295,12.3,13.64,13.5766,644720
2014-11-13,13.75,13.825,13.25,13.63,13.5666,178750
2014-11-14,13.575,16.35,13.25,15.02,14.9502,668140
2014-11-17,15.5,16.5,15.11,15.39,15.3185,247310
2014-11-18,15.415,16.9,15.3,16.025,15.9505,292150
2014-11-19,16.005,17.63,15.61,15.745,15.6718,717760
2014-11-20,15.795,16.295,15.335,15.45,15.3782,296890
2014-11-21,15.445,15.8,15.305,15.485,15.413,185980
2014-11-24,15.33,16.44,15.245,15.345,15.2737,799280
2014-11-25,15.19,15.475,14.6,14.645,14.5769,144530
2014-11-26,14.5,14.895,13.9,14.16,14.0942,166330
2014-11-27,14.585,14.59,13.1,13.145,13.0839,225910
2014-11-28,13.3,14.13,12.81,13.335,13.273,187940
2014-12-01,12.8,14.89,12.4,13.3,13.2382,115500
2014-12-02,13.3,13.43,13.01,13.12,13.059,113310
2014-12-03,13.0,13.5,12.99,13.35,13.2879,112550
2014-12-04,14.45,14.89,13.0,14.325,14.2584,237910
2014-12-05,14.155,14.27,13.215,13.315,13.2531,181780
2014-12-08,13.0,13.7,12.405,12.56,12.5016,198740
2014-12-09,12.65,12.85,11.895,11.995,11.9392,143170
2014-12-10,12.0,12.42,12.0,12.165,12.1084,157040
2014-12-11,12.2,12.32,12.0,12.24,12.1831,120010
2014-12-12,12.23,12.295,11.56,11.75,11.6954,163300
2014-12-15,11.8,12.18,11.7,11.87,11.8148,136330
2014-12-16,11.8,11.8,11.12,11.525,11.4714,112610
2014-12-17,11.55,11.725,11.0,11.59,11.5361,108660
2014-12-18,11.7,12.895,11.6,12.605,12.5464,150030
2014-12-19,12.65,12.65,11.715,11.9,11.8447,199370
2014-12-22,11.85,12.1,11.85,12.0,11.9442,104310
2014-12-23,12.985,12.985,11.735,12.005,11.9492,117110
2014-12-24,12.0,12.17,12.0,12.1,12.0437,102900
2014-12-26,12.14,12.265,11.725,11.745,11.6904,110740
2014-12-29,11.8,11.995,11.76,11.9,11.8447,111380
2014-12-30,12.5,12.995,12.5,12.64,12.5812,194460
2014-12-31,12.875,12.9,12.605,12.73,12.6708,117310
2015-01-01,12.9,12.9,12.55,12.765,12.7057,121950
2015-01-02,12.88,13.0,12.115,12.445,12.3871,128110
2015-01-05,12.3,12.35,12.04,12.07,12.0139,161080
2015-01-06,12.565,12.565,11.43,11.61,11.556,164790
2015-01-07,12.3,12.3,11.7,11.83,11.775,148500
2015-01-08,11.71,12.2,11.7,12.08,12.0238,136050
2015-01-09,11.905,12.14,11.725,11.845,11.7899,115180
2015-01-12,12.385,12.385,11.55,11.735,11.6804,107950
2015-01-13,11.9,12.06,11.7,11.91,11.8546,124490
2015-01-14,11.795,12.395,11.22,11.695,11.6406,139570
2015-01-15,11.55,11.995,11.55,11.83,11.775,98140
2015-01-16,11.9,12.49,11.635,11.76,11.7053,137580
2015-01-19,11.8,12.17,11.535,11.74,11.6854,123870
2015-01-20,11.8,12.165,11.605,12.085,12.0288,114290
2015-01-21,12.0,12.15,11.725,11.81,11.7551,111560
2015-01-22,11.9,12.2,11.8,12.165,12.1084,558820
2015-01-23,12.4,12.495,11.835,11.91,11.8546,757750
2015-01-27,12.03,12.05,11.8,11.975,11.9193,104740
2015-01-28,11.8,12.075,11.6,11.945,11.8895,727320
2015-01-29,11.305,12.07,11.305,12.05,11.994,137120
2015-01-30,12.0,12.0,11.7,11.865,11.8098,103540
2015-02-02,11.9,11.995,11.7,11.89,11.8347,109010
2015-02-03,11.845,12.0,11.75,11.9,11.8447,110070
2015-02-04,11.9,12.6,11.9,12.51,12.4518,184570
2015-02-05,12.55,13.54,12.13,13.035,12.9744,464590
2015-02-06,13.08,13.7,12.995,13.28,13.2183,456630
2015-02-09,13.0,14.095,13.0,13.75,13.6861,400480
2015-02-10,13.505,14.9,13.5,14.385,14.3181,767570
2015-02-11,14.05,14.485,13.425,13.635,13.5716,838080
2015-02-12,13.6,14.9,13.56,14.225,14.1589,962150
2015-02-13,14.5,16.3,14.5,15.87,15.7962,1953900
2015-02-16,16.07,16.79,15.3,15.82,15.7465,2249580
2015-02-18,15.82,17.19,15.7,16.565,16.488,1344250
2015-02-19,16.71,17.0,15.9,16.055,15.9804,497840
2015-02-20,16.04,16.07,15.4,15.48,15.408,358160
2015-02-23,15.05,15.8,14.71,15.11,15.0398,356670
2015-02-24,14.9,15.38,14.0,14.265,14.1987,305000
2015-02-25,14.02,14.35,13.87,13.91,13.8453,300710
2015-02-26,13.6,13.85,12.4,13.64,13.5766,346560
2015-02-27,15.0,15.2,13.255,14.035,13.9698,275630
2015-03-02,14.95,14.95,13.065,14.39,14.3231,292490
2015-03-03,14.1,14.395,13.82,14.035,13.9698,350180
2015-03-04,14.0,14.84,13.8,14.105,14.0394,35850
2015-03-05,13.7,14.49,13.5,13.77,13.706,194640
2015-03-09,13.5,13.5,13.21,13.32,13.2581,127100
2015-03-10,13.795,13.795,13.0,13.035,12.9744,177480
2015-03-11,13.99,13.99,12.84,12.89,12.8301,163790
2015-03-12,12.6,13.3,12.365,12.795,12.7355,163460
2015-03-13,13.85,13.85,12.55,12.825,12.7654,274810
2015-03-16,12.9,13.32,12.2,12.5,12.4419,393210
2015-03-17,12.5,14.395,12.3,13.685,13.6214,290090
2015-03-18,14.3,14.3,13.2,13.21,13.1486,171150
2015-03-19,13.995,13.995,12.7,12.825,12.7654,162830
2015-03-20,12.8,13.0,12.65,12.705,12.6459,156420
2015-03-23,14.27,14.27,12.73,12.82,12.7604,164690
2015-03-24,12.5,13.5,12.5,13.065,13.0043,179200
2015-03-25,13.0,13.1,12.605,12.885,12.8251,156110
2015-03-26,12.7,13.2,11.66,12.22,12.1632,1584040
2015-03-27,12.25,13.5,11.765,13.015,12.9545,450280
2015-03-30,12.1,13.095,12.1,12.965,12.9047,163300
2015-03-31,12.895,13.28,12.71,12.8,12.7405,157480
2015-04-01,12.85,13.99,12.8,13.2,13.1386,154690
2015-04-06,13.0,13.4,12.61,13.02,12.9595,163080
2015-04-07,13.005,13.2,12.72,12.79,12.7305,154570
2015-04-08,12.835,13.0,12.52,12.69,12.631,157720
2015-04-09,12.695,13.11,12.56,12.82,12.7604,168030
2015-04-10,12.885,13.075,12.71,12.82,12.7604,150210
2015-04-13,12.9,13.0,12.65,12.67,12.6111,155080
2015-04-15,12.745,12.92,12.6,12.785,12.7256,157420
2015-04-16,12.8,13.0,12.75,12.8,12.7405,138990
2015-04-17,12.8,12.98,12.4,12.98,12.9197,151940
2015-04-20,12.9,12.9,12.1,12.34,12.2826,172400
2015-04-21,12.4,12.8,12.1,12.495,12.4369,186910
2015-04-22,12.55,12.9,12.48,12.555,12.4966,165950
2015-04-23,12.495,12.7,12.45,12.51,12.4518,167010
2015-04-24,12.55,12.715,12.55,12.575,12.5165,164750
2015-04-27,12.81,12.81,12.2,12.3,12.2428,150830
2015-04-28,12.4,12.885,12.31,12.6,12.5414,153620
2015-04-29,12.65,12.975,12.615,12.78,12.7206,181800
2015-04-30,12.9,12.97,12.43,12.835,12.7753,153760
2015-05-04,12.9,12.9,12.3,12.685,12.626,160560
2015-05-05,12.7,13.02,12.43,12.7,12.641,151330
2015-05-06,12.7,12.8,12.11,12.75,12.6907,166710
2015-05-07,12.8,12.955,12.2,12.51,12.4518,157620
2015-05-08,12.55,13.0,12.5,12.92,12.8599,160650
2015-05-11,13.0,13.3,12.54,12.78,12.7206,154740
2015-05-12,12.8,12.99,12.5,12.8,12.7405,209680
2015-05-13,12.75,13.245,12.7,13.055,12.9943,207250
2015-05-14,12.9,13.895,12.8,13.15,13.0889,909600
2015-05-15,13.99,13.99,12.625,13.0,12.9396,908470
2015-05-18,13.14,13.15,12.66,12.78,12.7206,296920
2015-05-19,12.905,13.05,12.5,12.52,12.4618,240080
2015-05-20,12.515,12.975,12.505,12.81,12.7504,162760
2015-05-21,12.5,13.0,12.35,12.75,12.6907,154110
2015-05-22,12.8,13.095,12.61,12.86,12.8002,224930
2015-05-25,12.95,13.15,12.73,12.9,12.84,204250
2015-05-26,12.85,13.035,12.65,12.74,12.6808,295320
2015-05-27,12.745,12.99,12.55,12.885,12.8251,368520
2015-05-28,12.9,12.99,12.605,12.655,12.5962,180270
2015-05-29,12.695,12.99,12.6,12.765,12.7057,154810
2015-06-01,12.7,12.75,12.495,12.595,12.5364,157270
2015-06-02,12.6,12.65,12.3,12.36,12.3025,160260
2015-06-03,12.4,12.45,11.62,11.675,11.6207,217220
2015-06-04,11.7,12.345,11.7,12.285,12.2279,196260
2015-06-05,12.3,12.41,12.1,12.25,12.1931,145620
2015-06-08,12.3,12.4,12.015,12.13,12.0736,353110
2015-06-09,12.13,12.2,11.525,11.535,11.4814,193490
2015-06-10,11.6,11.88,11.0,11.345,11.2923,199420
2015-06-11,11.4,12.495,11.1,11.4,11.347,159550
2015-06-12,11.5,11.96,11.1,11.495,11.4416,337080
2015-06-15,11.5,11.57,11.2,11.43,11.3769,174140
2015-06-16,11.5,11.85,11.035,11.415,11.3619,155270
2015-06-17,11.45,11.795,11.22,11.59,11.5361,294860
2015-06-18,11.6,11.6,11.03,11.475,11.4217,163420
2015-06-19,11.5,12.0,11.2,11.53,11.4764,259930
2015-06-22,11.2,11.895,11.13,11.47,11.4167,157890
2015-06-23,11.5,11.79,11.3,11.375,11.3221,175250
2015-06-24,11.4,11.88,11.215,11.59,11.5361,333180
2015-06-25,11.45,11.89,11.2,11.385,11.3321,156960
2015-06-26,11.3,11.4,11.2,11.325,11.2724,162250
2015-06-29,11.3,11.79,11.05,11.635,11.5809,153940
2015-06-30,11.5,11.585,11.135,11.21,11.1579,160490
2015-07-01,11.2,11.78,11.1,11.465,11.4117,272300
2015-07-02,11.4,11.465,11.11,11.205,11.1529,432520
2015-07-03,11.3,11.4,11.2,11.2,11.1479,150440
2015-07-06,11.0,11.88,11.0,11.21,11.1579,183570
2015-07-07,11.25,11.38,11.025,11.04,10.9887,292250
2015-07-08,11.1,11.18,10.805,10.9,10.8493,215270
2015-07-09,11.0,11.1,11.0,11.0,10.9489,166610
2015-07-10,11.05,11.1,10.7,10.845,10.7946,259360
2015-07-13,11.0,11.0,10.72,10.795,10.7448,171490
2015-07-14,10.85,11.5,10.81,10.96,10.909,1009270
2015-07-15,11.0,11.235,11.0,11.0,10.9489,389020
2015-07-16,11.05,11.54,10.81,11.26,11.2077,840340
2015-07-17,11.35,13.39,11.35,12.625,12.5663,312810
2015-07-20,12.7,12.99,11.84,12.6,12.5414,181370
2015-07-21,12.65,12.7,11.7,11.86,11.8049,185290
2015-07-22,11.505,12.01,11.505,11.84,11.785,198200
2015-07-23,12.2,14.2,11.82,12.57,12.5116,301050
2015-07-24,12.5,12.56,11.82,11.955,11.8994,182530
2015-07-27,11.9,12.2,11.645,11.775,11.7203,207260
2015-07-28,12.49,13.69,12.1,12.81,12.7504,400150
2015-07-29,12.8,12.88,12.33,12.565,12.5066,162290
2015-07-30,12.65,12.7,12.24,12.25,12.1931,177220
2015-07-31,12.3,13.385,12.285,12.6,12.5414,187780
2015-08-03,12.5,12.9,12.225,12.735,12.6758,213720
2015-08-04,14.09,14.09,12.61,12.875,12.8151,241100
2015-08-05,12.9,13.0,12.46,12.98,12.9197,229800
2015-08-06,12.85,13.1,12.8,12.845,12.7853,197060
2015-08-07,12.8,13.2,12.715,12.97,12.9097,162020
2015-08-10,12.8,12.93,12.5,12.605,12.5464,193950
2015-08-11,12.65,12.94,12.23,12.53,12.4717,392070
2015-08-12,12.4,12.5,12.0,12.12,12.0637,190000
2015-08-13,11.66,12.44,11.6,11.795,11.7402,284080
2015-08-14,11.8,12.525,11.5,12.085,12.0288,169760
2015-08-17,12.05,12.25,11.5,11.71,11.6556,161100
2015-08-18,11.75,12.065,11.74,11.895,11.8397,244130
2015-08-19,11.4,11.94,11.4,11.895,11.8397,162630
2015-08-20,11.8,11.9,11.3,11.45,11.3968,162350
2015-08-21,10.81,11.4,10.8,11.185,11.133,157190
2015-08-24,10.81,11.2,10.3,10.68,10.6303,185950
2015-08-25,10.51,11.2,10.35,10.985,10.9339,163550
2015-08-26,11.0,11.45,10.5,10.655,10.6055,168240
2015-08-27,10.65,11.18,10.57,11.07,11.0185,252760
2015-08-28,11.0,11.15,10.665,10.9,10.8493,157110
2015-08-31,11.09,11.25,10.58,11.165,11.1131,303770
2015-09-01,11.17,11.17,10.725,10.805,10.7548,193070
2015-09-02,10.85,11.12,10.725,10.725,10.6751,167760
2015-09-03,10.7,10.99,10.5,10.635,10.5856,159040
2015-09-04,10.7,11.08,10.5,10.845,10.7946,179880
2015-09-07,10.8,11.075,10.6,10.605,10.5557,171190
2015-09-08,10.75,11.0,10.5,10.8,10.7498,155620
2015-09-09,10.85,10.9,10.8,10.82,10.7697,152080
2015-09-10,10.75,10.845,10.5,10.605,10.5557,161950
2015-09-11,10.53,10.9,10.53,10.72,10.6702,1188300
2015-09-14,10.75,11.1,10.61,11.1,11.0484,150810
2015-09-15,11.1,11.1,10.63,10.9,10.8493,154070
2015-09-16,10.8,11.0,10.625,10.775,10.7249,183490
2015-09-18,10.85,11.14,10.755,10.755,10.705,161560
2015-09-21,10.6,12.845,10.6,12.68,12.68,990020
2015-09-22,13.1,14.0,11.41,11.495,11.495,484450
2015-09-23,10.96,13.4,10.96,11.275,11.275,506950
2015-09-24,11.49,11.49,10.95,11.065,11.065,129710
2015-09-28,11.1,11.9,10.72,10.955,10.955,135520
2015-09-29,10.78,10.96,10.635,10.83,10.83,58590
2015-09-30,10.83,10.9,10.735,10.88,10.88,110690
2015-10-01,10.88,10.88,10.66,10.73,10.73,125250
2015-10-05,11.675,11.675,10.505,10.605,10.605,443490
2015-10-06,10.695,10.89,10.335,10.59,10.59,2940620
2015-10-07,10.45,11.4,10.305,10.46,10.46,356010
2015-10-08,10.5,10.87,10.105,10.165,10.165,632290
2015-10-09,10.3,10.3,9.565,10.065,10.065,42270
2015-10-12,9.71,10.3,9.71,10.0,10.0,157550
2015-10-13,9.9,10.005,9.9,9.94,9.94,6940
2015-10-14,9.8,10.29,9.8,10.13,10.13,64640
2015-10-15,10.1,10.2,9.95,9.965,9.965,44060
2015-10-16,10.0,10.2,9.71,9.815,9.815,35280
2015-10-19,9.605,10.3,9.605,10.095,10.095,214950
2015-10-20,10.59,10.59,9.95,10.005,10.005,329230
2015-10-21,10.005,10.15,9.9,9.995,9.995,171480
2015-10-23,10.02,11.0,10.0,10.425,10.425,346420
2015-10-26,10.55,10.8,10.405,10.5,10.5,600440
2015-10-27,10.45,10.45,10.0,10.3,10.3,185130
2015-10-28,10.2,10.31,10.105,10.125,10.125,169180
2015-10-29,10.2,10.25,10.0,10.175,10.175,162450
2015-10-30,10.2,10.37,9.92,10.21,10.21,167470
2015-11-02,10.05,10.2,9.9,9.92,9.92,152490
2015-11-03,9.95,10.2,9.95,10.1,10.1,201070
2015-11-04,10.1,10.3,10.0,10.05,10.05,157820
2015-11-05,10.1,10.13,9.8,9.895,9.895,170590
2015-11-06,10.0,10.0,9.8,9.86,9.86,152850
2015-11-09,9.95,10.1,9.8,9.96,9.96,161200
2015-11-10,9.85,10.205,9.8,10.005,10.005,223000
2015-11-13,10.16,10.195,9.805,9.89,9.89,162090
2015-11-16,9.895,10.235,9.81,9.94,9.94,162490
2015-11-17,10.2,10.2,9.85,9.895,9.895,160680
2015-11-18,9.9,9.995,9.195,9.695,9.695,209920
2015-11-19,9.9,10.15,9.7,9.845,9.845,159370
2015-11-20,9.85,10.195,9.78,9.96,9.96,176510
2015-11-23,9.95,10.15,9.8,9.81,9.81,151960
2015-11-24,9.85,10.075,9.72,9.75,9.75,165630
2015-11-26,9.755,9.86,9.71,9.775,9.775,168940
2015-11-27,9.8,9.95,9.8,9.86,9.86,153150
2015-11-30,9.85,10.0,9.5,9.68,9.68,216620
2015-12-01,9.75,10.2,9.71,9.74,9.74,197920
2015-12-02,9.81,10.08,9.7,9.97,9.97,179730
2015-12-03,10.4,10.4,9.75,9.875,9.875,80500
2015-12-04,9.735,10.5,9.735,10.035,10.035,62740
2015-12-07,9.705,10.5,9.705,10.395,10.395,75480
2015-12-08,10.38,10.595,10.005,10.475,10.475,80500
2015-12-09,10.595,10.595,10.1,10.195,10.195,79440
2015-12-10,10.1,10.7,10.1,10.605,10.605,179740
2015-12-11,10.4,10.775,10.4,10.62,10.62,238500
2015-12-14,10.5,10.975,10.305,10.81,10.81,9080
2015-12-15,10.795,11.8,10.75,11.1,11.1,354190
2015-12-16,11.195,12.2,11.095,12.055,12.055,353670
2015-12-17,12.055,12.6,11.7,12.45,12.45,59730
2015-12-18,12.0,12.7,11.655,12.6,12.6,29890
2015-12-21,12.7,14.0,12.7,13.865,13.865,111050
2015-12-22,14.49,14.56,13.1,13.365,13.365,70670
2015-12-23,12.75,13.5,12.75,13.17,13.17,1083890
2015-12-24,13.5,13.5,12.81,12.97,12.97,28410
2015-12-28,12.85,13.245,12.185,12.955,12.955,10370
2015-12-29,12.825,15.005,12.825,14.535,14.535,582260
2015-12-30,14.3,14.65,13.6,14.24,14.24,3762940
2015-12-31,14.24,15.9,14.24,14.925,14.925,2197980
2016-01-01,15.1,15.49,14.7,14.875,14.875,61250
2016-01-04,14.75,14.975,13.85,14.17,14.17,48600
2016-01-05,14.17,15.5,13.51,15.225,15.225,368580
2016-01-06,14.8,15.065,14.7,14.91,14.91,26760
2016-01-07,14.4,14.875,13.87,13.99,13.99,29590
2016-01-08,14.83,15.19,13.605,15.01,15.01,115510
2016-01-11,14.5,15.0,14.1,14.88,14.88,10900
2016-01-12,14.7,14.955,14.455,14.615,14.615,15960
2016-01-13,14.205,14.99,13.9,14.035,14.035,19360
2016-01-14,14.0,14.0,13.71,13.72,13.72,153070
2016-01-15,14.0,14.0,13.31,13.39,13.39,103010
2016-01-18,13.3,13.3,12.6,12.9,12.9,7490
2016-01-19,12.7,13.55,12.305,12.54,12.54,128490
2016-01-20,12.125,12.25,11.8,12.075,12.075,147350
2016-01-21,12.18,12.35,11.83,12.01,12.01,107630
2016-01-22,12.3,12.6,12.3,12.6,12.6,1610
2016-01-25,12.1,13.295,12.0,12.825,12.825,10920
2016-01-27,12.8,13.095,12.225,12.69,12.69,104210
2016-01-28,12.19,12.985,12.19,12.395,12.395,112400
2016-01-29,12.95,12.95,12.215,12.375,12.375,125720
2016-02-01,12.5,12.8,12.3,12.635,12.635,123700
2016-02-02,12.9,14.7,12.705,12.965,12.965,2714120
2016-02-03,12.9,12.9,11.88,12.305,12.305,122300
2016-02-04,12.1,12.44,12.01,12.115,12.115,30080
2016-02-05,11.84,12.44,11.84,12.065,12.065,111600
2016-02-08,11.7,12.495,11.7,11.805,11.805,105250
2016-02-09,11.525,12.0,11.525,11.915,11.915,500
2016-02-10,11.5,12.0,11.0,11.01,11.01,131040
2016-02-11,11.05,11.345,9.45,10.175,10.175,117860
2016-02-12,10.2,10.5,10.0,10.25,10.25,13900
2016-02-15,10.25,11.36,10.25,11.11,11.11,112790
2016-02-16,11.1,11.575,9.7,9.935,9.935,173550
2016-02-17,10.49,10.49,9.505,10.135,10.135,5110
2016-02-18,10.5,10.5,9.8,9.93,9.93,126890
2016-02-19,10.1,10.1,9.525,9.845,9.845,133590
2016-02-22,10.185,10.185,9.6,9.985,9.985,123240
2016-02-23,9.99,10.285,9.71,9.725,9.725,118870
2016-02-24,9.73,9.865,9.6,9.865,9.865,110790
2016-02-25,9.665,9.99,9.645,9.77,9.77,5980
2016-02-26,9.77,9.99,9.245,9.5,9.5,19820
2016-02-29,9.245,9.245,8.7,8.835,8.835,39610
2016-03-01,8.85,8.85,7.07,8.17,8.17,1122430
2016-03-02,8.04,8.04,7.38,7.78,7.78,547950
2016-03-03,9.0,9.35,8.2,9.35,9.35,154165
2016-03-04,10.2,11.0,10.2,10.9,10.9,365406
2016-03-08,10.5,11.35,9.65,10.1,10.1,152968
2016-03-09,9.95,10.15,9.15,9.6,9.6,76634
2016-03-10,9.3,9.9,9.3,9.7,9.7,27574
2016-03-11,9.3,9.7,9.2,9.45,9.45,51554
2016-03-14,9.45,9.55,9.05,9.2,9.2,30088
2016-03-15,8.8,9.2,8.8,8.8,8.8,28489
2016-03-16,8.7,8.85,8.3,8.5,8.5,37780
2016-03-17,8.85,8.85,8.2,8.2,8.2,22046
2016-03-18,8.2,8.4,7.6,7.9,7.9,37668
2016-03-21,8.0,8.6,7.6,7.85,7.85,29387
2016-03-22,7.85,8.15,7.7,7.75,7.75,9768
2016-03-23,7.9,8.05,7.75,7.9,7.9,12910
2016-03-28,7.75,8.1,7.75,7.85,7.85,15596
2016-03-29,7.75,8.0,7.5,7.7,7.7,30160
2016-03-30,7.85,7.9,7.6,7.75,7.75,13991
2016-03-31,7.55,7.9,7.1,7.5,7.5,14257
2016-04-01,7.45,8.8,7.45,8.2,8.2,65059
2016-04-04,8.3,8.65,7.9,8.0,8.0,14948
2016-04-05,7.8,8.85,7.8,8.1,8.1,70447
2016-04-06,8.0,9.7,7.85,8.8,8.8,220236
2016-04-07,8.15,10.0,8.15,8.6,8.6,272570
2016-04-08,8.8,9.9,8.4,8.45,8.45,473556
2016-04-11,8.85,10.1,8.25,10.0,10.0,1659165
2016-04-12,9.75,11.4,9.15,9.4,9.4,1161780
2016-04-13,9.6,10.25,9.1,9.2,9.2,326039
2016-04-18,9.2,9.7,8.9,8.9,8.9,209623
2016-04-20,9.3,9.7,8.65,9.6,9.6,367931
2016-04-21,9.95,10.35,9.2,9.95,9.95,291734
2016-04-22,10.0,10.5,9.3,9.75,9.75,181057
2016-04-25,10.0,10.2,9.35,9.5,9.5,102025
2016-04-26,9.85,11.4,9.4,11.35,11.35,3007111
2016-04-27,11.35,12.75,10.25,11.35,11.35,1580158
2016-04-28,11.2,11.7,9.1,9.1,9.1,3712409
2016-04-29,8.35,8.75,7.3,7.3,7.3,3398716
2016-05-02,7.25,7.75,6.65,7.4,7.4,3267501
2016-05-03,7.55,7.9,5.95,5.95,5.95,5263762
2016-05-04,5.65,5.85,5.4,5.4,5.4,941462
2016-05-05,5.15,5.9,4.9,5.75,5.75,1182129
2016-05-06,5.85,6.25,5.35,5.95,5.95,1551901
2016-05-09,5.95,6.2,5.4,5.45,5.45,949198
2016-05-10,5.45,5.7,4.95,5.2,5.2,1438066
2016-05-11,5.2,5.2,4.85,5.0,5.0,244273
2016-05-12,4.85,5.35,4.85,5.0,5.0,525189
2016-05-13,5.15,5.15,4.85,5.0,5.0,223951
2016-05-16,5.0,5.1,4.55,4.95,4.95,125342
2016-05-17,4.95,5.3,4.8,4.85,4.85,560153
2016-05-18,4.85,5.1,4.65,4.95,4.95,207621
2016-05-19,5.0,5.1,4.8,4.95,4.95,132028
2016-05-20,5.0,5.0,4.8,4.85,4.85,116486
2016-05-23,4.9,4.9,4.65,4.7,4.7,106769
2016-05-24,4.7,4.8,4.55,4.6,4.6,60397
2016-05-25,4.6,4.8,4.4,4.5,4.5,215833
2016-05-26,4.5,4.55,4.05,4.05,4.05,507310
2016-05-27,4.05,4.05,3.85,3.85,3.85,284472
2016-05-30,3.7,3.75,3.7,3.7,3.7,364656
2016-05-31,3.6,3.6,3.55,3.55,3.55,16286
2016-06-01,3.4,3.4,3.4,3.4,3.4,31027
2016-06-02,3.4,3.4,3.25,3.25,3.25,21730
2016-06-03,3.1,3.1,3.1,3.1,3.1,50443
2016-06-06,2.95,2.95,2.95,2.95,2.95,90190
2016-06-07,2.85,2.85,2.85,2.85,2.85,22386
2016-06-08,2.75,2.75,2.75,2.75,2.75,62055
2016-06-09,2.65,2.65,2.65,2.65,2.65,76284
2016-06-10,2.55,2.55,2.55,2.55,2.55,45550
2016-06-13,2.45,2.45,2.45,2.45,2.45,74172
2016-06-14,2.35,2.35,2.35,2.35,2.35,176817
2016-06-15,2.25,2.25,2.25,2.25,2.25,152044
2016-06-16,2.15,2.15,2.15,2.15,2.15,55731
2016-06-17,2.05,2.05,2.05,2.05,2.05,160184
2016-06-20,1.95,1.95,1.95,1.95,1.95,78126
2016-06-21,1.9,1.9,1.9,1.9,1.9,99940
2016-06-22,1.85,1.85,1.85,1.85,1.85,563815
2016-06-23,1.8,1.8,1.8,1.8,1.8,31247
2016-06-24,1.75,1.75,1.75,1.75,1.75,45354
2016-06-27,1.7,1.7,1.7,1.7,1.7,37743
2016-06-28,1.65,1.65,1.65,1.65,1.65,34985
2016-06-29,1.6,1.6,1.6,1.6,1.6,122076
2016-06-30,1.55,1.65,1.55,1.55,1.55,2641489
2016-07-01,1.55,1.6,1.5,1.6,1.6,9314765
2016-07-04,1.65,1.65,1.55,1.65,1.65,13039449
2016-07-05,1.65,1.7,1.6,1.6,1.6,11501985
2016-07-07,1.6,1.65,1.55,1.6,1.6,5273788
2016-07-08,1.65,1.65,1.6,1.65,1.65,4769319
2016-07-11,1.7,1.7,1.7,1.7,1.7,996704
2016-07-12,1.75,1.75,1.65,1.75,1.75,2133878
2016-07-13,1.8,1.8,1.75,1.8,1.8,882188
2016-07-14,1.85,1.85,1.85,1.85,1.85,283920
2016-07-15,1.85,1.9,1.8,1.9,1.9,2489772
2016-07-18,1.9,1.9,1.85,1.85,1.85,1098560
2016-07-19,1.8,1.8,1.8,1.8,1.8,184618
2016-07-20,1.75,1.75,1.75,1.75,1.75,85468
2016-07-21,1.7,1.7,1.7,1.7,1.7,145852
2016-07-22,1.65,1.65,1.65,1.65,1.65,114864
2016-07-25,1.6,1.6,1.6,1.6,1.6,283558
2016-07-26,1.55,1.65,1.55,1.65,1.65,789596
2016-07-27,1.7,1.7,1.7,1.7,1.7,57637
2016-07-28,1.75,1.75,1.75,1.75,1.75,189581
2016-07-29,1.8,1.8,1.7,1.7,1.7,1418553
2016-08-01,1.7,1.7,1.65,1.65,1.65,617771
2016-08-02,1.6,1.65,1.6,1.65,1.65,299409
2016-08-03,1.6,1.65,1.6,1.6,1.6,478866
2016-08-04,1.6,1.6,1.55,1.55,1.55,939687
2016-08-05,1.55,1.7,1.45,1.65,1.65,1287163
2016-08-08,1.7,1.75,1.55,1.7,1.7,832416
2016-08-09,1.7,1.7,1.6,1.6,1.6,557681
2016-08-10,1.6,1.65,1.55,1.55,1.55,600834
2016-08-11,1.6,1.6,1.45,1.55,1.55,1007856
2016-08-12,1.55,1.55,1.45,1.55,1.55,328734
2016-08-16,1.5,1.55,1.45,1.5,1.5,423933
2016-08-17,1.55,1.55,1.45,1.45,1.45,301008
2016-08-18,1.5,1.5,1.4,1.45,1.45,226591
2016-08-19,1.5,1.5,1.4,1.5,1.5,259186
2016-08-22,1.45,1.55,1.45,1.5,1.5,233525
2016-08-23,1.55,1.55,1.45,1.45,1.45,285934
2016-08-24,1.5,1.5,1.4,1.45,1.45,699643
2016-08-25,1.45,1.5,1.4,1.45,1.45,372897
2016-08-26,1.45,1.5,1.4,1.45,1.45,242247
2016-08-29,1.45,1.5,1.35,1.35,1.35,487315
2016-08-30,1.4,1.4,1.3,1.35,1.35,402998
2016-08-31,1.4,1.4,1.25,1.25,1.25,1395830
2016-09-01,1.3,1.35,1.2,1.3,1.3,561744
2016-09-02,1.3,1.55,1.3,1.5,1.5,836461
2016-09-06,1.5,1.8,1.5,1.8,1.8,2238326
2016-09-07,2.0,2.15,1.85,2.15,2.15,6265207
2016-09-08,2.1,2.1,1.95,1.95,1.95,2812885
2016-09-09,1.9,1.9,1.8,1.8,1.8,379886
2016-09-12,1.7,1.75,1.65,1.65,1.65,1186650
2016-09-14,1.6,1.7,1.6,1.7,1.7,1056726
2016-09-15,1.7,1.75,1.65,1.75,1.75,1006141
2016-09-16,1.8,1.8,1.7,1.7,1.7,926029
2016-09-19,1.7,1.75,1.65,1.7,1.7,377081
2016-09-20,1.7,1.75,1.65,1.7,1.7,345965
2016-09-21,1.7,1.75,1.65,1.7,1.7,403577
2016-09-22,1.75,1.75,1.65,1.75,1.75,633631
2016-09-23,1.8,1.8,1.7,1.75,1.75,238839
2016-09-26,1.7,1.75,1.7,1.7,1.7,598127
2016-09-27,1.65,1.65,1.65,1.65,1.65,186014
2016-09-28,1.6,1.7,1.6,1.65,1.65,1000460
2016-09-29,1.65,1.7,1.6,1.6,1.6,739800
2016-09-30,1.55,1.65,1.55,1.6,1.6,301466
2016-10-03,1.65,1.65,1.55,1.6,1.6,268121
2016-10-04,1.55,1.65,1.55,1.6,1.6,262130
2016-10-05,1.55,1.65,1.55,1.55,1.55,335326
2016-10-06,1.6,1.6,1.5,1.55,1.55,503480
2016-10-07,1.6,1.65,1.5,1.6,1.6,357291
2016-10-10,1.6,1.7,1.6,1.7,1.7,318868
2016-10-13,1.7,1.7,1.6,1.6,1.6,431207
2016-10-14,1.6,1.65,1.55,1.6,1.6,178547
2016-10-17,1.65,1.7,1.55,1.65,1.65,701904
2016-10-18,1.7,1.7,1.6,1.65,1.65,132423
2016-10-19,1.65,1.65,1.55,1.6,1.6,318920
2016-10-20,1.65,1.65,1.55,1.65,1.65,466240
2016-10-21,1.65,1.65,1.55,1.65,1.65,272438
2016-10-24,1.65,1.7,1.6,1.6,1.6,348472
2016-10-25,1.6,1.7,1.6,1.65,1.65,457571
2016-10-26,1.65,1.7,1.6,1.65,1.65,254471
2016-10-27,1.6,1.65,1.6,1.6,1.6,244170
2016-10-28,1.65,1.65,1.6,1.6,1.6,114028
2016-11-01,1.65,1.7,1.6,1.65,1.65,337401
2016-11-02,1.7,1.7,1.6,1.6,1.6,154366
2016-11-03,1.6,1.65,1.6,1.6,1.6,324155
2016-11-04,1.6,1.65,1.55,1.6,1.6,399494
2016-11-07,1.65,1.65,1.55,1.55,1.55,269565
2016-11-08,1.55,1.65,1.55,1.65,1.65,328254
2016-11-09,1.5,1.6,1.35,1.6,1.6,707654
2016-11-10,1.6,1.6,1.55,1.6,1.6,54995
2016-11-11,1.6,1.6,1.5,1.5,1.5,171971
2016-11-15,1.5,1.55,1.35,1.45,1.45,1208383
2016-11-16,1.45,1.5,1.35,1.4,1.4,218450
2016-11-17,1.3,1.4,1.25,1.3,1.3,741116
2016-11-18,1.35,1.4,1.25,1.3,1.3,652874
2016-11-21,1.35,1.35,1.25,1.25,1.25,170842
2016-11-22,1.3,1.35,1.25,1.35,1.35,156974
2016-11-23,1.35,1.4,1.25,1.35,1.35,531149
2016-11-24,1.35,1.45,1.25,1.4,1.4,259768
2016-11-25,1.4,1.45,1.35,1.4,1.4,231810
2016-11-28,1.4,1.4,1.35,1.4,1.4,93066
2016-11-29,1.4,1.4,1.3,1.35,1.35,293745
2016-11-30,1.35,1.35,1.3,1.35,1.35,218872
2016-12-01,1.35,1.55,1.3,1.4,1.4,804243
2016-12-02,1.45,1.45,1.35,1.4,1.4,133356
2016-12-05,1.45,1.45,1.35,1.4,1.4,46707
2016-12-06,1.45,1.45,1.35,1.35,1.35,44707
2016-12-07,1.4,1.4,1.35,1.4,1.4,224137
2016-12-08,1.4,1.4,1.35,1.4,1.4,203134
2016-12-09,1.4,1.4,1.35,1.4,1.4,74342
2016-12-12,1.4,1.45,1.35,1.35,1.35,116357
2016-12-13,1.35,1.45,1.35,1.35,1.35,167626
2016-12-14,1.4,1.4,1.35,1.35,1.35,100594
2016-12-15,1.4,1.4,1.35,1.35,1.35,104385
2016-12-16,1.4,1.5,1.35,1.4,1.4,129803
2016-12-19,1.45,1.45,1.35,1.35,1.35,47924
2016-12-20,1.35,1.4,1.35,1.35,1.35,213966
2016-12-21,1.35,1.4,1.3,1.35,1.35,382920
2016-12-22,1.35,1.4,1.3,1.35,1.35,157299
2016-12-23,1.4,1.4,1.3,1.3,1.3,123002
2016-12-26,1.3,1.35,1.3,1.35,1.35,93897
2016-12-27,1.35,1.4,1.3,1.35,1.35,227386
2016-12-28,1.3,1.4,1.3,1.35,1.35,1047138
2016-12-29,1.35,1.4,1.3,1.35,1.35,911632
2016-12-30,1.3,1.4,1.3,1.35,1.35,951957
2017-01-02,1.4,1.4,1.3,1.35,1.35,28955
2017-01-03,1.4,1.4,1.3,1.4,1.4,64249
2017-01-04,1.35,1.4,1.35,1.4,1.4,144751
2017-01-05,1.4,1.4,1.35,1.4,1.4,168812
2017-01-06,1.4,1.4,1.35,1.35,1.35,181739
2017-01-09,1.35,1.4,1.3,1.4,1.4,145145
2017-01-10,1.4,1.4,1.3,1.35,1.35,180519
2017-01-11,1.4,1.4,1.3,1.35,1.35,382257
2017-01-12,1.3,1.35,1.3,1.35,1.35,80284
2017-01-13,1.3,1.4,1.3,1.3,1.3,84845
2017-01-16,1.4,1.4,1.3,1.35,1.35,76903
2017-01-17,1.3,1.35,1.3,1.3,1.3,64184
2017-01-18,1.35,1.35,1.3,1.35,1.35,145934
2017-01-19,1.35,1.35,1.3,1.35,1.35,117274
2017-01-20,1.35,1.55,1.3,1.5,1.5,1065293
2017-01-23,1.55,1.8,1.5,1.8,1.8,3444909
2017-01-24,1.85,2.0,1.7,1.75,1.75,3435538
2017-01-25,1.7,1.85,1.6,1.65,1.65,1386532
2017-01-27,1.75,1.75,1.55,1.65,1.65,985811
2017-01-30,1.6,1.7,1.55,1.6,1.6,595914
2017-01-31,1.55,1.6,1.5,1.5,1.5,475574
2017-02-01,1.55,1.7,1.5,1.65,1.65,361809
2017-02-02,1.6,1.65,1.55,1.55,1.55,528377
2017-02-03,1.55,1.6,1.55,1.6,1.6,546528
2017-02-06,1.6,1.6,1.55,1.6,1.6,107798
2017-02-07,1.55,1.65,1.5,1.6,1.6,821828
2017-02-08,1.6,1.6,1.55,1.55,1.55,235154
2017-02-09,1.55,1.6,1.5,1.6,1.6,441752
2017-02-10,1.55,1.6,1.55,1.55,1.55,342295
2017-02-13,1.6,1.6,1.55,1.55,1.55,125958
2017-02-14,1.55,1.6,1.5,1.55,1.55,282998
2017-02-15,1.55,1.55,1.45,1.45,1.45,584312
2017-02-16,1.5,1.5,1.4,1.4,1.4,343035
2017-02-17,1.45,1.5,1.4,1.45,1.45,147352
2017-02-20,1.45,1.5,1.45,1.45,1.45,200699
2017-02-21,1.5,1.5,1.4,1.45,1.45,229861
2017-02-22,1.5,1.5,1.4,1.4,1.4,398417
2017-02-23,1.4,1.45,1.35,1.4,1.4,319173
2017-02-27,1.45,1.45,1.4,1.4,1.4,179032
2017-02-28,1.45,1.45,1.4,1.45,1.45,161268
2017-03-01,1.4,1.5,1.4,1.45,1.45,342107
2017-03-02,1.45,1.55,1.4,1.45,1.45,320078
2017-03-03,1.45,1.5,1.4,1.4,1.4,76945
2017-03-06,1.45,1.5,1.4,1.4,1.4,176846
2017-03-07,1.45,1.45,1.4,1.4,1.4,217056
2017-03-08,1.45,1.45,1.35,1.4,1.4,201893
2017-03-09,1.45,1.45,1.35,1.4,1.4,83134
2017-03-10,1.4,1.45,1.35,1.4,1.4,226057
2017-03-14,1.4,1.5,1.4,1.4,1.4,164740
2017-03-15,1.4,1.45,1.4,1.4,1.4,49853
2017-03-16,1.4,1.45,1.35,1.4,1.4,121485
2017-03-17,1.45,1.45,1.35,1.4,1.4,146987
2017-03-20,1.35,1.45,1.3,1.35,1.35,489264
2017-03-21,1.4,1.4,1.3,1.35,1.35,164495
2017-03-22,1.35,1.4,1.3,1.35,1.35,240977
2017-03-23,1.3,1.35,1.3,1.35,1.35,42630
2017-03-24,1.3,1.4,1.3,1.3,1.3,123447
2017-03-27,1.4,1.4,1.3,1.35,1.35,101232
2017-03-28,1.4,1.4,1.3,1.3,1.3,69003
2017-03-29,1.4,1.4,1.3,1.4,1.4,129436
2017-03-30,1.4,1.4,1.25,1.35,1.35,428798
2017-03-31,1.3,1.35,1.3,1.3,1.3,177460
2017-04-03,1.3,1.35,1.25,1.3,1.3,368611
2017-04-05,1.3,1.35,1.25,1.3,1.3,556730
2017-04-06,1.35,1.35,1.3,1.35,1.35,503160
2017-04-07,1.3,1.4,1.3,1.35,1.35,300661
2017-04-10,1.35,1.4,1.3,1.35,1.35,210845
2017-04-11,1.3,1.35,1.3,1.3,1.3,152132
2017-04-12,1.35,1.35,1.3,1.3,1.3,301117
2017-04-13,1.3,1.35,1.25,1.3,1.3,243751
2017-04-17,1.35,1.35,1.3,1.3,1.3,1045951
2017-04-18,1.35,1.35,1.3,1.3,1.3,215559
2017-04-19,1.35,1.35,1.3,1.35,1.35,105159
2017-04-20,1.35,1.35,1.3,1.3,1.3,86521
2017-04-21,1.3,1.35,1.25,1.3,1.3,521347
2017-04-24,1.35,1.35,1.25,1.35,1.35,431291
2017-04-25,1.3,1.35,1.25,1.25,1.25,184386
2017-04-26,1.25,1.35,1.25,1.25,1.25,505875
2017-04-27,1.3,1.3,1.25,1.25,1.25,61967
2017-04-28,1.3,1.3,1.25,1.25,1.25,156785
2017-05-02,1.3,1.3,1.25,1.25,1.25,203283
2017-05-03,1.3,1.3,1.15,1.2,1.2,1105584
2017-05-04,1.2,1.25,1.2,1.25,1.25,302534
2017-05-05,1.25,1.25,1.2,1.25,1.25,238136
2017-05-08,1.25,1.25,1.2,1.25,1.25,79087
2017-05-09,1.2,1.25,1.2,1.25,1.25,232513
2017-05-10,1.25,1.3,1.2,1.25,1.25,233970
2017-05-11,1.3,1.3,1.25,1.25,1.25,43926
2017-05-12,1.25,1.3,1.2,1.2,1.2,275441
2017-05-15,1.3,1.3,1.2,1.25,1.25,152846
2017-05-16,1.2,1.3,1.2,1.2,1.2,128923
2017-05-17,1.2,1.25,1.2,1.25,1.25,157892
2017-05-18,1.2,1.25,1.2,1.2,1.2,259730
2017-05-19,1.25,1.25,1.15,1.2,1.2,230295
2017-05-22,1.2,1.25,1.15,1.2,1.2,95863
2017-05-23,1.25,1.25,1.15,1.15,1.15,247807
2017-05-24,1.2,1.2,1.15,1.2,1.2,136080
2017-05-25,1.2,1.2,1.15,1.15,1.15,80581
2017-05-26,1.15,1.2,1.1,1.15,1.15,299374
2017-05-29,1.15,1.15,1.0,1.05,1.05,418091
2017-05-30,1.05,1.1,0.95,0.95,0.95,898420
2017-05-31,0.95,1.0,0.95,1.0,1.0,309815
2017-06-01,0.95,1.05,0.95,1.0,1.0,595266
2017-06-02,1.0,1.05,0.95,1.0,1.0,251813
2017-06-05,1.0,1.0,0.95,0.95,0.95,273802
2017-06-06,0.95,1.0,0.9,0.95,0.95,152406
2017-06-07,0.95,0.95,0.85,0.85,0.85,205281
2017-06-08,0.9,0.95,0.85,0.85,0.85,589989
2017-06-09,0.85,0.9,0.85,0.85,0.85,146586
2017-06-12,0.85,0.9,0.8,0.85,0.85,137705
2017-06-13,0.8,0.95,0.8,0.85,0.85,1108038
2017-06-14,0.85,0.9,0.85,0.85,0.85,150047
2017-06-15,0.8,0.9,0.8,0.8,0.8,315941
2017-06-16,0.8,0.85,0.8,0.85,0.85,69505
2017-06-19,0.85,0.85,0.8,0.8,0.8,110288
2017-06-20,0.8,0.85,0.75,0.75,0.75,403658
2017-06-21,0.8,0.8,0.75,0.75,0.75,90571
2017-06-22,0.8,0.8,0.75,0.75,0.75,180418
2017-06-23,0.75,0.8,0.75,0.8,0.8,277700
2017-06-27,0.75,0.8,0.7,0.75,0.75,202559
2017-06-28,0.7,0.8,0.7,0.75,0.75,284075
2017-06-29,0.8,0.8,0.75,0.75,0.75,166236
2017-06-30,0.75,0.8,0.7,0.75,0.75,174243
2017-07-03,0.8,0.8,0.7,0.8,0.8,147703
2017-07-04,0.8,0.85,0.75,0.85,0.85,325298
2017-07-05,0.8,0.85,0.8,0.8,0.8,68350
2017-07-06,0.8,0.85,0.75,0.8,0.8,43462
2017-07-07,0.8,0.85,0.75,0.75,0.75,38398
2017-07-10,0.75,0.75,0.7,0.7,0.7,21148
2017-07-11,0.7,0.75,0.7,0.7,0.7,136121
2017-07-12,0.75,0.75,0.65,0.65,0.65,162491
2017-07-13,0.6,0.7,0.6,0.6,0.6,127616
2017-07-14,0.6,0.65,0.6,0.65,0.65,119004
2017-07-17,0.6,0.65,0.6,0.65,0.65,116711
2017-07-18,0.65,0.65,0.6,0.65,0.65,65200
2017-07-19,0.65,0.65,0.6,0.6,0.6,86800
2017-07-20,0.65,0.65,0.55,0.6,0.6,115447
2017-07-21,0.55,0.65,0.55,0.65,0.65,59388
2017-07-24,0.6,0.65,0.6,0.65,0.65,86496
2017-07-25,0.6,0.65,0.6,0.6,0.6,27611
2017-07-26,0.65,0.65,0.55,0.6,0.6,46835
2017-07-27,0.55,0.65,0.55,0.55,0.55,84408
2017-07-28,0.55,0.6,0.55,0.6,0.6,38980
2017-07-31,0.6,0.6,0.55,0.6,0.6,215257
2017-08-01,0.6,0.6,0.55,0.55,0.55,113643
2017-08-02,0.5,0.6,0.5,0.6,0.6,90001
2017-08-03,0.55,0.6,0.55,0.55,0.55,46431
2017-08-04,0.55,0.6,0.55,0.6,0.6,15950
2017-08-07,0.6,0.6,0.55,0.55,0.55,71667
2017-08-08,0.5,0.55,0.5,0.5,0.5,320785
2017-08-09,0.45,0.45,0.45,0.45,0.45,229693
2017-08-10,0.4,0.45,0.4,0.4,0.4,106296
2017-08-11,0.4,0.45,0.35,0.45,0.45,117854
2017-08-14,0.45,0.5,0.4,0.45,0.45,29177
2017-08-16,0.45,0.45,0.4,0.4,0.4,80984
2017-08-17,0.4,0.45,0.35,0.35,0.35,153299
2017-08-18,0.4,0.4,0.35,0.4,0.4,42817
2017-08-21,0.4,0.4,0.35,0.35,0.35,105439
2017-08-22,0.4,0.4,0.35,0.4,0.4,154253
2017-08-23,0.4,0.4,0.35,0.35,0.35,198255
2017-08-24,0.35,0.4,0.35,0.35,0.35,78060
2017-08-28,0.35,0.4,0.3,0.3,0.3,36850
2017-08-29,0.3,0.35,0.3,0.35,0.35,127200
2017-08-30,0.3,0.4,0.3,0.35,0.35,61152
2017-08-31,0.3,0.3,0.3,0.3,0.3,110721
2017-09-01,0.35,0.35,0.25,0.35,0.35,84167
2017-09-04,0.3,0.3,0.3,0.3,0.3,334
2017-09-05,0.3,0.3,0.3,0.3,0.3,2423
2017-09-06,0.3,0.3,0.3,0.3,0.3,6000
2017-09-07,0.3,0.35,0.3,0.3,0.3,50224
2017-09-08,0.35,0.35,0.25,0.3,0.3,34570
2017-09-11,0.3,0.3,0.3,0.3,0.3,86290
2017-09-12,0.3,0.3,0.25,0.25,0.25,8312
2017-09-13,0.3,0.3,0.2,0.3,0.3,17288
2017-09-14,0.3,0.35,0.3,0.35,0.35,111050
2017-09-15,0.35,0.35,0.35,0.35,0.35,3350
2017-09-18,0.35,0.35,0.3,0.3,0.3,8801
2017-09-19,0.35,0.35,0.3,0.3,0.3,600
2017-09-20,0.3,0.3,0.3,0.3,0.3,0
2017-09-21,0.3,0.3,0.3,0.3,0.3,0
2017-09-22,0.3,0.3,0.3,0.3,0.3,0
2017-09-25,0.25,0.35,0.25,0.25,0.25,156500
2017-09-26,0.25,0.25,0.25,0.25,0.25,0
2017-09-27,0.25,0.25,0.25,0.25,0.25,0
2017-09-28,0.25,0.25,0.25,0.25,0.25,0
2017-09-29,0.25,0.25,0.25,0.25,0.25,0
2017-10-03,0.2,0.2,0.2,0.2,0.2,111000
2017-10-04,0.2,0.2,0.2,0.2,0.2,0
2017-10-05,0.2,0.2,0.2,0.2,0.2,0
2017-10-06,0.2,0.2,0.2,0.2,0.2,0
2017-10-09,0.2,0.2,0.15,0.15,0.15,7490
2017-10-10,0.15,0.15,0.15,0.15,0.15,0
2017-10-11,0.15,0.15,0.15,0.15,0.15,0
2017-10-12,0.15,0.15,0.15,0.15,0.15,0
2017-10-13,0.15,0.15,0.15,0.15,0.15,0
2017-10-16,0.1,0.2,0.1,0.2,0.2,285705
2017-10-17,0.2,0.2,0.2,0.2,0.2,0
2017-10-18,0.2,0.2,0.2,0.2,0.2,0
2017-10-19,0.2,0.2,0.2,0.2,0.2,0
2017-10-23,0.25,0.25,0.25,0.25,0.25,24591
2017-10-24,0.25,0.25,0.25,0.25,0.25,0
2017-10-25,0.25,0.25,0.25,0.25,0.25,0
2017-10-26,0.25,0.25,0.25,0.25,0.25,0
2017-10-27,0.25,0.25,0.25,0.25,0.25,0
2017-10-30,0.25,0.25,0.25,0.25,0.25,0
2017-10-31,0.25,0.25,0.25,0.25,0.25,0
2017-11-01,0.25,0.25,0.25,0.25,0.25,0
2017-11-02,0.25,0.25,0.25,0.25,0.25,0
2017-11-03,0.25,0.25,0.25,0.25,0.25,0
2017-11-06,0.25,0.3,0.2,0.3,0.3,74859
2017-11-07,0.3,0.3,0.3,0.3,0.3,0
2017-11-08,0.3,0.3,0.3,0.3,0.3,0
2017-11-09,0.3,0.3,0.3,0.3,0.3,0
2017-11-10,0.3,0.3,0.3,0.3,0.3,0
2017-11-13,0.3,0.3,0.3,0.3,0.3,0
2017-11-14,0.3,0.3,0.3,0.3,0.3,0
2017-11-15,0.3,0.3,0.3,0.3,0.3,0
2017-11-16,0.3,0.3,0.3,0.3,0.3,0
2017-11-17,0.3,0.3,0.3,0.3,0.3,0
2017-11-20,0.3,0.3,0.3,0.3,0.3,0
2017-11-21,0.3,0.3,0.3,0.3,0.3,0
2017-11-22,0.3,0.3,0.3,0.3,0.3,0
2017-11-23,0.3,0.3,0.3,0.3,0.3,0
2017-11-24,0.3,0.3,0.3,0.3,0.3,0
2017-11-27,0.3,0.3,0.3,0.3,0.3,0
2017-11-28,0.3,0.3,0.3,0.3,0.3,0
2017-11-29,0.3,0.3,0.3,0.3,0.3,0
2017-11-30,0.3,0.3,0.3,0.3,0.3,0
2017-12-01,0.3,0.3,0.3,0.3,0.3,0
2017-12-04,0.25,0.3,0.25,0.25,0.25,70349
2017-12-05,0.25,0.25,0.25,0.25,0.25,0
2017-12-06,0.25,0.25,0.25,0.25,0.25,0
2017-12-07,0.25,0.25,0.25,0.25,0.25,0
2017-12-08,0.25,0.25,0.25,0.25,0.25,0
2017-12-11,0.25,0.25,0.25,0.25,0.25,0
2017-12-12,0.25,0.25,0.25,0.25,0.25,0
2017-12-13,0.25,0.25,0.25,0.25,0.25,0
2017-12-14,0.25,0.25,0.25,0.25,0.25,0
2017-12-15,0.25,0.25,0.25,0.25,0.25,0
2017-12-18,0.25,0.25,0.25,0.25,0.25,0
2017-12-19,0.25,0.25,0.25,0.25,0.25,0
2017-12-20,0.25,0.25,0.25,0.25,0.25,0
2017-12-21,0.25,0.25,0.25,0.25,0.25,0
2017-12-22,0.25,0.25,0.25,0.25,0.25,0
2017-12-26,0.25,0.25,0.25,0.25,0.25,0
2017-12-27,0.25,0.25,0.25,0.25,0.25,0
2017-12-28,0.25,0.25,0.25,0.25,0.25,0
2017-12-29,0.25,0.25,0.25,0.25,0.25,0
2018-01-01,0.25,0.25,0.25,0.25,0.25,126000
2018-01-02,0.25,0.25,0.25,0.25,0.25,0
2018-01-03,0.25,0.25,0.25,0.25,0.25,0
2018-01-04,0.25,0.25,0.25,0.25,0.25,0
2018-01-05,0.25,0.25,0.25,0.25,0.25,0
2018-01-08,0.25,0.25,0.25,0.25,0.25,0
2018-01-09,0.25,0.25,0.25,0.25,0.25,0
2018-01-10,0.25,0.25,0.25,0.25,0.25,0
2018-01-11,0.25,0.25,0.25,0.25,0.25,0
2018-01-12,0.25,0.25,0.25,0.25,0.25,0
2018-01-15,0.25,0.25,0.25,0.25,0.25,0
2018-01-16,0.25,0.25,0.25,0.25,0.25,0
2018-01-17,0.25,0.25,0.25,0.25,0.25,0
2018-01-18,0.25,0.25,0.25,0.25,0.25,0
2018-01-19,0.25,0.25,0.25,0.25,0.25,0
2018-01-22,0.25,0.25,0.25,0.25,0.25,0
2018-01-23,0.25,0.25,0.25,0.25,0.25,0
2018-01-24,0.25,0.25,0.25,0.25,0.25,0
2018-01-25,0.25,0.25,0.25,0.25,0.25,0
2018-01-29,0.25,0.25,0.25,0.25,0.25,0
2018-01-30,0.25,0.25,0.25,0.25,0.25,0
2018-01-31,0.25,0.25,0.25,0.25,0.25,0
2018-02-01,0.25,0.25,0.25,0.25,0.25,0
2018-02-02,0.25,0.25,0.25,0.25,0.25,0
2018-02-05,0.25,0.25,0.2,0.25,0.25,41274
2018-02-06,0.25,0.25,0.25,0.25,0.25,0
2018-02-07,0.25,0.25,0.25,0.25,0.25,0
2018-02-08,0.25,0.25,0.25,0.25,0.25,0
2018-02-09,0.25,0.25,0.25,0.25,0.25,0
2018-02-12,0.25,0.25,0.25,0.25,0.25,0
2018-02-14,0.25,0.25,0.25,0.25,0.25,0
2018-02-15,0.25,0.25,0.25,0.25,0.25,0
2018-02-16,0.25,0.25,0.25,0.25,0.25,0
2018-02-19,0.25,0.25,0.25,0.25,0.25,0
2018-02-20,0.25,0.25,0.25,0.25,0.25,0
2018-02-21,0.25,0.25,0.25,0.25,0.25,0
2018-02-22,0.25,0.25,0.25,0.25,0.25,0
2018-02-23,0.25,0.25,0.25,0.25,0.25,0
2018-02-26,0.25,0.25,0.25,0.25,0.25,0
2018-02-27,0.25,0.25,0.25,0.25,0.25,0
2018-02-28,0.25,0.25,0.25,0.25,0.25,0
2018-03-01,0.25,0.25,0.25,0.25,0.25,0
2018-03-05,0.2,0.25,0.2,0.2,0.2,125301
2018-03-06,0.2,0.2,0.2,0.2,0.2,0
2018-03-07,0.2,0.2,0.2,0.2,0.2,0
2018-03-08,0.2,0.2,0.2,0.2,0.2,0
2018-03-09,0.2,0.2,0.2,0.2,0.2,0
2018-03-12,0.2,0.2,0.2,0.2,0.2,0
2018-03-13,0.2,0.2,0.2,0.2,0.2,0
2018-03-14,0.2,0.2,0.2,0.2,0.2,0
2018-03-15,0.2,0.2,0.2,0.2,0.2,0
2018-03-16,0.2,0.2,0.2,0.2,0.2,0
2018-03-19,0.2,0.2,0.2,0.2,0.2,0
2018-03-20,0.2,0.2,0.2,0.2,0.2,0
2018-03-21,0.2,0.2,0.2,0.2,0.2,0
2018-03-22,0.2,0.2,0.2,0.2,0.2,0
2018-03-23,0.2,0.2,0.2,0.2,0.2,0
2018-03-26,0.2,0.2,0.2,0.2,0.2,0
2018-03-27,0.2,0.2,0.2,0.2,0.2,0
2018-03-28,0.2,0.2,0.2,0.2,0.2,0
2018-04-02,0.2,0.2,0.2,0.2,0.2,33100
2018-04-03,0.2,0.2,0.2,0.2,0.2,0
2018-04-04,0.2,0.2,0.2,0.2,0.2,0
2018-04-05,0.2,0.2,0.2,0.2,0.2,0
2018-04-06,0.2,0.2,0.2,0.2,0.2,0
2018-04-09,0.2,0.2,0.2,0.2,0.2,20000
2018-04-10,0.2,0.2,0.2,0.2,0.2,0
2018-04-11,0.2,0.2,0.2,0.2,0.2,0
2018-04-12,0.2,0.2,0.2,0.2,0.2,0
2018-04-13,0.2,0.2,0.2,0.2,0.2,0
2018-04-16,0.2,0.2,0.2,0.2,0.2,82000
2018-04-17,0.2,0.2,0.2,0.2,0.2,0
2018-04-18,0.2,0.2,0.2,0.2,0.2,0
2018-04-19,0.2,0.2,0.2,0.2,0.2,0
2018-04-20,0.2,0.2,0.2,0.2,0.2,0
2018-04-23,0.2,0.25,0.2,0.25,0.25,26511
2018-04-24,0.25,0.25,0.25,0.25,0.25,0
2018-04-25,0.25,0.25,0.25,0.25,0.25,0
2018-04-26,0.25,0.25,0.25,0.25,0.25,0
2018-04-27,0.25,0.25,0.25,0.25,0.25,0
2018-04-30,0.2,0.2,0.2,0.2,0.2,1400
2018-05-02,0.2,0.2,0.2,0.2,0.2,0
2018-05-03,0.2,0.2,0.2,0.2,0.2,0
2018-05-04,0.2,0.2,0.2,0.2,0.2,0
2018-05-07,0.15,0.15,0.15,0.15,0.15,8415
2018-05-08,0.15,0.15,0.15,0.15,0.15,0
2018-05-09,0.15,0.15,0.15,0.15,0.15,0
2018-05-10,0.15,0.15,0.15,0.15,0.15,0
2018-05-11,0.15,0.15,0.15,0.15,0.15,0
2018-05-14,0.1,0.15,0.1,0.15,0.15,400
2018-05-15,0.15,0.15,0.15,0.15,0.15,0
2018-05-16,0.15,0.15,0.15,0.15,0.15,0
2018-05-17,0.15,0.15,0.15,0.15,0.15,0
2018-05-18,0.15,0.15,0.15,0.15,0.15,0
2018-05-21,0.1,0.2,0.1,0.15,0.15,41332
2018-05-22,0.15,0.15,0.15,0.15,0.15,0
2018-05-23,0.15,0.15,0.15,0.15,0.15,0
2018-05-24,0.15,0.15,0.15,0.15,0.15,0
2018-05-25,0.15,0.15,0.15,0.15,0.15,0
2018-05-28,0.15,0.15,0.15,0.15,0.15,8001
2018-05-29,0.15,0.15,0.15,0.15,0.15,0
2018-05-30,0.15,0.15,0.15,0.15,0.15,0
2018-05-31,0.15,0.15,0.15,0.15,0.15,0
2018-06-01,0.15,0.15,0.15,0.15,0.15,0
2018-06-04,0.15,0.15,0.1,0.15,0.15,882088
2018-06-05,0.15,0.15,0.15,0.15,0.15,0
2018-06-06,0.15,0.15,0.15,0.15,0.15,0
2018-06-07,0.15,0.15,0.15,0.15,0.15,0
2018-06-08,0.15,0.15,0.15,0.15,0.15,0
2018-06-11,0.15,0.15,0.1,0.1,0.1,205501
2018-06-12,0.1,0.1,0.1,0.1,0.1,0
2018-06-13,0.1,0.1,0.1,0.1,0.1,0
2018-06-14,0.1,0.1,0.1,0.1,0.1,0
2018-06-15,0.1,0.1,0.1,0.1,0.1,0
2018-06-18,0.15,0.15,0.05,0.05,0.05,900298
2018-06-19,0.05,0.05,0.05,0.05,0.05,0
2018-06-20,0.05,0.05,0.05,0.05,0.05,0
2018-06-21,0.05,0.05,0.05,0.05,0.05,0
2018-06-22,0.05,0.05,0.05,0.05,0.05,0
2018-06-25,0.05,0.1,0.05,0.1,0.1,1007942
2018-06-26,0.1,0.1,0.1,0.1,0.1,0
2018-06-27,0.1,0.1,0.1,0.1,0.1,0
2018-06-28,0.1,0.1,0.1,0.1,0.1,0
2018-06-29,0.1,0.1,0.1,0.1,0.1,0
2018-07-02,0.05,0.15,0.05,0.1,0.1,862900
2018-07-03,0.1,0.1,0.1,0.1,0.1,0
2018-07-04,0.1,0.1,0.1,0.1,0.1,0
2018-07-05,0.1,0.1,0.1,0.1,0.1,0
2018-07-06,0.1,0.1,0.1,0.1,0.1,0
2018-07-09,0.1,0.15,0.05,0.15,0.15,57903
2018-07-10,0.15,0.15,0.15,0.15,0.15,0
2018-07-11,0.15,0.15,0.15,0.15,0.15,0
2018-07-12,0.15,0.15,0.15,0.15,0.15,0
2018-07-13,0.15,0.15,0.15,0.15,0.15,0
2018-07-16,0.15,0.15,0.15,0.15,0.15,101
2018-07-17,0.15,0.15,0.15,0.15,0.15,0
2018-07-18,0.15,0.15,0.15,0.15,0.15,0
2018-07-19,0.15,0.15,0.15,0.15,0.15,0
2018-07-20,0.15,0.15,0.15,0.15,0.15,0
2018-07-23,0.1,0.1,0.1,0.1,0.1,126153
2018-07-24,0.1,0.1,0.1,0.1,0.1,0
2018-07-25,0.1,0.1,0.1,0.1,0.1,0
2018-07-26,0.1,0.1,0.1,0.1,0.1,0
2018-07-27,0.1,0.1,0.1,0.1,0.1,0
2018-07-30,0.1,0.1,0.05,0.1,0.1,190901
2018-07-31,0.1,0.1,0.1,0.1,0.1,0
2018-08-01,0.1,0.1,0.1,0.1,0.1,0
2018-08-02,0.1,0.1,0.1,0.1,0.1,0
2018-08-03,0.1,0.1,0.1,0.1,0.1,0
2018-08-06,0.05,0.15,0.05,0.15,0.15,115568
2018-08-07,0.15,0.15,0.15,0.15,0.15,0
2018-08-08,0.15,0.15,0.15,0.15,0.15,0
2018-08-09,0.15,0.15,0.15,0.15,0.15,0
2018-08-10,0.15,0.15,0.15,0.15,0.15,0
2018-08-13,0.15,0.15,0.15,0.15,0.15,5
2018-08-14,0.15,0.15,0.15,0.15,0.15,0
2018-08-16,0.15,0.15,0.15,0.15,0.15,0
2018-08-17,0.15,0.15,0.15,0.15,0.15,0
2018-08-20,0.15,0.15,0.1,0.15,0.15,27800
2018-08-21,0.15,0.15,0.15,0.15,0.15,0
2018-08-23,0.15,0.15,0.15,0.15,0.15,0
2018-08-24,0.15,0.15,0.15,0.15,0.15,0
2018-08-27,0.15,0.15,0.15,0.15,0.15,25022
2018-08-28,0.15,0.15,0.15,0.15,0.15,0
2018-08-29,0.15,0.15,0.15,0.15,0.15,0
2018-08-30,0.15,0.15,0.15,0.15,0.15,0
2018-08-31,0.15,0.15,0.15,0.15,0.15,0
2018-09-03,0.15,0.15,0.15,0.15,0.15,45001
2018-09-04,0.15,0.15,0.15,0.15,0.15,0
2018-09-05,0.15,0.15,0.15,0.15,0.15,0
2018-09-06,0.15,0.15,0.15,0.15,0.15,0
2018-09-07,0.15,0.15,0.15,0.15,0.15,0
2018-09-10,0.1,0.15,0.1,0.15,0.15,19150
2018-09-11,0.15,0.15,0.15,0.15,0.15,0
2018-09-12,0.15,0.15,0.15,0.15,0.15,0
2018-09-14,0.15,0.15,0.15,0.15,0.15,0
2018-09-17,0.2,0.2,0.2,0.2,0.2,105326
2018-09-18,0.2,0.25,0.2,0.25,0.25,26410
2018-09-19,0.3,0.3,0.3,0.3,0.3,15223
2018-09-21,0.35,0.35,0.35,0.35,0.35,31112
2018-09-24,0.4,0.4,0.4,0.4,0.4,128068
2018-09-25,0.45,0.45,0.45,0.45,0.45,406
2018-09-26,0.5,0.5,0.5,0.5,0.5,25455
2018-09-27,0.55,0.55,0.55,0.55,0.55,10150
2018-09-28,0.6,0.6,0.6,0.6,0.6,69106
2018-10-01,0.65,0.65,0.65,0.65,0.65,55822
2018-10-03,0.7,0.7,0.7,0.7,0.7,212305
2018-10-04,0.75,0.75,0.75,0.75,0.75,77979
2018-10-05,0.8,0.8,0.8,0.8,0.8,42580
2018-10-08,0.85,0.85,0.85,0.85,0.85,146063
2018-10-09,0.9,0.9,0.9,0.9,0.9,328963
2018-10-10,0.95,0.95,0.95,0.95,0.95,343180
2018-10-11,1.0,1.0,1.0,1.0,1.0,581585
2018-10-12,1.05,1.05,0.95,0.95,0.95,816988
2018-10-15,0.9,0.9,0.9,0.9,0.9,57793
2018-10-16,0.85,0.85,0.85,0.85,0.85,54850
2018-10-17,0.8,0.8,0.8,0.8,0.8,144989
2018-10-19,0.75,0.75,0.75,0.75,0.75,85035
2018-10-22,0.7,0.7,0.7,0.7,0.7,31286
2018-10-23,0.65,0.65,0.65,0.65,0.65,54344
2018-10-24,0.6,0.6,0.6,0.6,0.6,56338
2018-10-25,0.55,0.55,0.55,0.55,0.55,135828
2018-10-26,0.5,0.6,0.5,0.6,0.6,686666
2018-10-29,0.6,0.65,0.6,0.65,0.65,264221
2018-10-30,0.7,0.7,0.6,0.65,0.65,438284
2018-10-31,0.7,0.7,0.6,0.7,0.7,173293
2018-11-01,0.7,0.7,0.65,0.65,0.65,182708
2018-11-02,0.65,0.7,0.6,0.65,0.65,165956
2018-11-05,0.6,0.7,0.6,0.7,0.7,136950
2018-11-06,0.75,0.75,0.65,0.65,0.65,82916
2018-11-07,0.7,0.7,0.65,0.7,0.7,22807
2018-11-09,0.65,0.7,0.65,0.65,0.65,130083
2018-11-12,0.6,0.7,0.6,0.7,0.7,93490
2018-11-13,0.65,0.7,0.65,0.65,0.65,120460
2018-11-14,0.65,0.7,0.6,0.65,0.65,95574
2018-11-15,0.7,0.7,0.6,0.6,0.6,158795
2018-11-16,0.55,0.65,0.55,0.55,0.55,167737
2018-11-19,0.6,0.6,0.5,0.55,0.55,122578
2018-11-20,0.6,0.6,0.5,0.55,0.55,74980
2018-11-21,0.6,0.6,0.5,0.6,0.6,56780
2018-11-22,0.55,0.65,0.55,0.6,0.6,27064
2018-11-26,0.65,0.65,0.55,0.6,0.6,118627
2018-11-27,0.6,0.6,0.55,0.55,0.55,64689
2018-11-28,0.6,0.6,0.5,0.55,0.55,152296
2018-11-29,0.6,0.6,0.5,0.55,0.55,151633
2018-11-30,0.55,0.55,0.5,0.55,0.55,132950
2018-12-03,0.6,0.6,0.5,0.55,0.55,78211
2018-12-04,0.6,0.6,0.5,0.6,0.6,48300
2018-12-05,0.6,0.6,0.55,0.55,0.55,171562
2018-12-06,0.6,0.6,0.55,0.55,0.55,15680
2018-12-07,0.55,0.6,0.5,0.55,0.55,156955
2018-12-10,0.6,0.6,0.5,0.55,0.55,18531
2018-12-11,0.5,0.6,0.5,0.55,0.55,27937
2018-12-12,0.5,0.6,0.5,0.55,0.55,75224
2018-12-13,0.55,0.6,0.5,0.6,0.6,48467
2018-12-14,0.55,0.6,0.55,0.55,0.55,72933
2018-12-17,0.5,0.6,0.5,0.5,0.5,170134
2018-12-18,0.5,0.55,0.5,0.55,0.55,36146
2018-12-19,0.55,0.55,0.5,0.55,0.55,46551
2018-12-20,0.5,0.55,0.5,0.5,0.5,402749
2018-12-21,0.5,0.55,0.45,0.5,0.5,482024
2018-12-24,0.5,0.5,0.45,0.5,0.5,66326
2018-12-26,0.5,0.5,0.45,0.45,0.45,94936
2018-12-27,0.45,0.5,0.4,0.4,0.4,692884
2018-12-28,0.4,0.45,0.35,0.4,0.4,519269
2018-12-31,0.35,0.4,0.35,0.4,0.4,922423
2019-01-01,0.4,0.4,0.35,0.4,0.4,65851
2019-01-02,0.4,0.4,0.35,0.4,0.4,164494
2019-01-03,0.4,0.4,0.35,0.4,0.4,137887
2019-01-04,0.35,0.4,0.35,0.4,0.4,69608
2019-01-07,0.4,0.4,0.35,0.35,0.35,150968
2019-01-08,0.35,0.35,0.3,0.35,0.35,126340
2019-01-09,0.35,0.35,0.3,0.35,0.35,171497
2019-01-10,0.3,0.35,0.3,0.35,0.35,93252
2019-01-11,0.35,0.35,0.3,0.35,0.35,59968
2019-01-14,0.35,0.35,0.3,0.35,0.35,950
2019-01-15,0.35,0.35,0.3,0.35,0.35,7735
2019-01-16,0.35,0.35,0.3,0.35,0.35,11425
2019-01-17,0.35,0.35,0.3,0.3,0.3,11720
2019-01-18,0.3,0.3,0.3,0.3,0.3,6526
2019-01-21,0.3,0.3,0.25,0.3,0.3,29209
2019-01-22,0.3,0.3,0.25,0.3,0.3,16950
2019-01-23,0.3,0.3,0.3,0.3,0.3,1767
2019-01-24,0.3,0.3,0.25,0.3,0.3,18386
2019-01-25,0.3,0.3,0.25,0.3,0.3,35124
2019-01-28,0.3,0.3,0.3,0.3,0.3,1400
2019-01-29,0.3,0.3,0.25,0.3,0.3,35392
2019-01-30,0.3,0.3,0.3,0.3,0.3,1866
2019-01-31,0.3,0.35,0.3,0.3,0.3,24856
2019-02-01,0.35,0.35,0.3,0.35,0.35,1424
2019-02-04,0.3,0.35,0.3,0.3,0.3,18268
2019-02-05,0.25,0.3,0.25,0.25,0.25,20035
2019-02-06,0.3,0.3,0.25,0.3,0.3,27828
2019-02-07,0.3,0.3,0.25,0.3,0.3,4320
2019-02-08,0.3,0.3,0.25,0.3,0.3,25025
2019-02-11,0.3,0.3,0.3,0.3,0.3,2901
2019-02-12,0.3,0.3,0.3,0.3,0.3,65686
2019-02-14,0.3,0.3,0.3,0.3,0.3,180796
2019-02-15,0.35,0.35,0.3,0.35,0.35,34564
2019-02-18,0.4,0.4,0.35,0.4,0.4,146279
2019-02-19,0.45,0.45,0.4,0.45,0.45,91800
2019-02-20,0.4,0.45,0.4,0.4,0.4,142652
2019-02-21,0.4,0.4,0.35,0.4,0.4,113815
2019-02-22,0.35,0.4,0.35,0.35,0.35,106732
2019-02-25,0.35,0.4,0.35,0.35,0.35,15397
2019-02-26,0.3,0.35,0.3,0.3,0.3,5292
2019-02-27,0.35,0.35,0.3,0.35,0.35,6808
2019-02-28,0.35,0.35,0.35,0.35,0.35,2700
2019-03-01,0.35,0.4,0.35,0.35,0.35,26809
2019-03-05,0.4,0.4,0.35,0.4,0.4,4866
2019-03-06,0.35,0.4,0.35,0.35,0.35,3791
2019-03-07,0.4,0.4,0.35,0.4,0.4,23730
2019-03-08,0.35,0.4,0.35,0.35,0.35,16040
2019-03-11,0.3,0.35,0.3,0.3,0.3,36440
2019-03-12,0.35,0.35,0.3,0.35,0.35,19581
2019-03-13,0.35,0.4,0.3,0.35,0.35,111731
2019-03-14,0.3,0.35,0.3,0.3,0.3,1221
2019-03-15,0.35,0.35,0.3,0.35,0.35,28103
2019-03-18,0.35,0.35,0.35,0.35,0.35,1101
2019-03-19,0.35,0.4,0.35,0.35,0.35,5810
2019-03-20,0.3,0.35,0.3,0.3,0.3,67573
2019-03-22,0.3,0.35,0.3,0.3,0.3,16826
2019-03-25,0.35,0.35,0.3,0.35,0.35,4289
2019-03-26,0.3,0.35,0.3,0.3,0.3,8070
2019-03-27,0.3,0.3,0.3,0.3,0.3,23077
2019-03-28,0.3,0.35,0.3,0.3,0.3,2191
2019-04-01,0.35,0.35,0.3,0.35,0.35,52501
2019-04-02,0.3,0.3,0.3,0.3,0.3,196661
2019-04-03,0.25,0.3,0.25,0.25,0.25,207537
2019-04-04,0.25,0.25,0.25,0.25,0.25,105705
2019-04-05,0.25,0.25,0.2,0.25,0.25,21820
2019-04-08,0.25,0.25,0.25,0.25,0.25,76667
2019-04-09,0.25,0.25,0.25,0.25,0.25,99020
2019-04-10,0.25,0.3,0.25,0.25,0.25,288315
2019-04-11,0.3,0.3,0.25,0.3,0.3,32898
2019-04-12,0.3,0.3,0.3,0.3,0.3,15098
2019-04-15,0.3,0.3,0.3,0.3,0.3,7921
2019-04-16,0.25,0.3,0.25,0.25,0.25,7820
2019-04-18,0.3,0.3,0.25,0.3,0.3,42377
2019-04-22,0.25,0.3,0.25,0.25,0.25,143660
2019-04-23,0.25,0.3,0.25,0.25,0.25,85243
2019-04-24,0.3,0.3,0.25,0.3,0.3,27550
2019-04-25,0.3,0.3,0.25,0.3,0.3,17515
2019-04-26,0.3,0.3,0.25,0.3,0.3,23003
2019-04-30,0.25,0.3,0.25,0.25,0.25,14000
2019-05-02,0.25,0.25,0.25,0.25,0.25,750
2019-05-03,0.25,0.3,0.25,0.25,0.25,16952
2019-05-06,0.3,0.3,0.25,0.3,0.3,14986
2019-05-07,0.25,0.3,0.25,0.25,0.25,9581
2019-05-08,0.25,0.25,0.25,0.25,0.25,47000
2019-05-09,0.3,0.3,0.25,0.3,0.3,67113
2019-05-10,0.25,0.25,0.25,0.25,0.25,66864
2019-05-13,0.25,0.25,0.2,0.25,0.25,6450
2019-05-14,0.25,0.25,0.25,0.25,0.25,1300
2019-05-15,0.25,0.25,0.25,0.25,0.25,77100
2019-05-16,0.25,0.25,0.25,0.25,0.25,3100
2019-05-17,0.25,0.25,0.25,0.25,0.25,111500
2019-05-20,0.3,0.3,0.25,0.3,0.3,85270
2019-05-21,0.3,0.3,0.25,0.3,0.3,35100
2019-05-22,0.25,0.3,0.25,0.25,0.25,232171
2019-05-23,0.3,0.3,0.25,0.3,0.3,6100
2019-05-24,0.3,0.25,0.25,0.25,0.25,122800
2019-05-27,0.25,0.25,0.25,0.25,0.25,606211
2019-05-28,0.25,0.25,0.25,0.25,0.25,27481
2019-05-29,0.25,0.25,0.25,0.25,0.25,6160
2019-05-30,0.25,0.25,0.2,0.25,0.25,11850
2019-05-31,0.25,0.25,0.25,0.25,0.25,23450
2019-06-03,0.2,0.25,0.2,0.2,0.2,13100
2019-06-04,0.25,0.25,0.25,0.25,0.25,6226
2019-06-06,0.25,0.25,0.25,0.25,0.25,6940
2019-06-07,0.25,0.25,0.25,0.25,0.25,20435
2019-06-10,0.2,0.25,0.2,0.2,0.2,77600
2019-06-11,0.25,0.25,0.2,0.25,0.25,10505
2019-06-12,0.25,0.25,0.2,0.25,0.25,28750
2019-06-13,0.3,0.3,0.25,0.3,0.3,74462
2019-06-14,0.3,0.3,0.25,0.3,0.3,29300
2019-06-17,0.25,0.25,0.25,0.25,0.25,39375
2019-06-18,0.25,0.25,0.25,0.25,0.25,151000
2019-06-19,0.25,0.25,0.25,0.25,0.25,5925
2019-06-20,0.25,0.25,0.25,0.25,0.25,5900
2019-06-21,0.25,0.25,0.25,0.25,0.25,0
2019-06-24,0.25,0.25,0.25,0.25,0.25,6600
2019-06-25,0.25,0.25,0.25,0.25,0.25,0
2019-06-26,0.25,0.25,0.25,0.25,0.25,2101
2019-06-27,0.25,0.25,0.25,0.25,0.25,7999
2019-06-28,0.25,0.25,0.25,0.25,0.25,7750
2019-07-01,0.25,0.25,0.2,0.25,0.25,5909
2019-07-02,0.25,0.25,0.25,0.25,0.25,5150
2019-07-03,0.25,0.25,0.25,0.25,0.25,100
2019-07-04,0.25,0.25,0.25,0.25,0.25,0
2019-07-05,0.25,0.25,0.25,0.25,0.25,22404
2019-07-08,0.25,0.25,0.25,0.25,0.25,16505
2019-07-09,0.25,0.25,0.2,0.25,0.25,27260
2019-07-10,0.25,0.25,0.25,0.25,0.25,59053
2019-07-11,0.25,0.25,0.2,0.25,0.25,20270
2019-07-12,0.2,0.25,0.2,0.2,0.2,468950
2019-07-15,0.25,0.25,0.25,0.25,0.25,323478
2019-07-16,0.25,0.25,0.25,0.25,0.25,7481
2019-07-17,0.25,0.25,0.25,0.25,0.25,36000
2019-07-18,0.25,0.25,0.25,0.25,0.25,41636
2019-07-19,0.25,0.25,0.25,0.25,0.25,21800
2019-07-22,0.25,0.25,0.2,0.25,0.25,26
2019-07-23,0.25,0.25,0.25,0.25,0.25,9000
2019-07-24,0.25,0.25,0.2,0.25,0.25,85000
2019-07-25,0.2,0.25,0.2,0.2,0.2,27500
2019-07-26,0.2,0.2,0.2,0.2,0.2,0
2019-07-29,0.2,0.2,0.15,0.2,0.2,137800
2019-07-30,0.2,0.2,0.2,0.2,0.2,0
2019-07-31,0.25,0.25,0.2,0.25,0.25,13102
2019-08-01,0.25,0.25,0.2,0.25,0.25,6928
2019-08-02,0.25,0.25,0.2,0.25,0.25,16224
2019-08-05,0.25,0.25,0.2,0.25,0.25,5100
2019-08-06,0.25,0.25,0.2,0.25,0.25,6800
2019-08-07,0.25,0.25,0.2,0.25,0.25,60260
2019-08-08,0.2,0.2,0.2,0.2,0.2,1000
2019-08-09,0.2,0.25,0.2,0.2,0.2,5954
2019-08-13,0.2,0.25,0.2,0.2,0.2,5202
2019-08-14,0.2,0.25,0.2,0.2,0.2,8551
2019-08-16,0.25,0.25,0.2,0.25,0.25,6500
2019-08-19,0.2,0.25,0.2,0.2,0.2,14910
2019-08-20,0.25,0.25,0.2,0.25,0.25,25400
2019-08-21,0.25,0.25,0.2,0.2,0.2,2500
2019-08-22,0.15,0.15,0.15,0.15,0.15,105200
2019-08-23,0.2,0.2,0.15,0.2,0.2,44131
2019-08-26,0.2,0.2,0.2,0.2,0.2,23700
2019-08-27,0.2,0.2,0.2,0.2,0.2,10950
2019-08-28,0.2,0.2,0.2,0.2,0.2,4850
2019-08-29,0.2,0.2,0.2,0.2,0.2,7706
2019-08-30,0.25,0.25,0.2,0.25,0.25,3401
2019-09-03,0.2,0.2,0.2,0.2,0.2,5001
2019-09-04,0.25,0.25,0.2,0.25,0.25,1100
2019-09-05,0.2,0.25,0.2,0.2,0.2,37850
2019-09-06,0.25,0.25,0.2,0.25,0.25,720
2019-09-09,0.25,0.25,0.2,0.25,0.25,19751
2019-09-11,0.25,0.25,0.25,0.25,0.25,0
2019-09-12,0.2,0.25,0.25,0.25,0.25,42000
2019-09-13,0.2,0.2,0.2,0.2,0.2,18988
2019-09-16,0.2,0.2,0.2,0.2,0.2,10000
2019-09-17,0.2,0.2,0.2,0.2,0.2,1000
2019-09-18,0.2,0.2,0.2,0.2,0.2,6051
2019-09-19,0.2,0.2,0.2,0.2,0.2,500
2019-09-20,0.15,0.2,0.15,0.15,0.15,73439
2019-09-23,0.2,0.2,0.2,0.2,0.2,51250
2019-09-24,0.25,0.25,0.2,0.25,0.25,5350
2019-09-25,0.25,0.25,0.2,0.25,0.25,36575
2019-09-26,0.2,0.2,0.2,0.2,0.2,5600
2019-09-27,0.2,0.2,0.2,0.2,0.2,19940
2019-09-30,0.2,0.2,0.2,0.2,0.2,31335
2019-10-01,0.2,0.2,0.15,0.15,0.15,3200
2019-10-03,0.2,0.2,0.15,0.2,0.2,1653
2019-10-04,0.25,0.25,0.2,0.25,0.25,4265
2019-10-07,0.2,0.25,0.2,0.2,0.2,8975
2019-10-09,0.25,0.25,0.15,0.25,0.25,13856
2019-10-10,0.2,0.25,0.2,0.2,0.2,71989
2019-10-11,0.25,0.25,0.2,0.25,0.25,31750
2019-10-14,0.25,0.25,0.25,0.25,0.25,12170
2019-10-15,0.2,0.2,0.2,0.2,0.2,57610
2019-10-16,0.2,0.2,0.2,0.2,0.2,5200
2019-10-17,0.2,0.2,0.2,0.2,0.2,5
2019-10-18,0.2,0.2,0.2,0.2,0.2,6000
2019-10-22,0.2,0.2,0.2,0.2,0.2,18000
2019-10-23,0.2,0.2,0.2,0.2,0.2,123250
2019-10-24,0.2,0.25,0.2,0.2,0.2,128037
2019-10-25,0.2,0.2,0.2,0.2,0.2,229100
2019-10-29,0.2,0.25,0.15,0.25,0.25,15052
2019-10-30,0.2,0.25,0.2,0.2,0.2,24412
2019-10-31,0.2,0.25,0.2,0.2,0.2,32801
2019-11-01,0.2,0.2,0.2,0.2,0.2,10358
2019-11-04,0.2,0.2,0.2,0.2,0.2,81656
2019-11-05,0.2,0.2,0.2,0.2,0.2,100957
2019-11-06,0.2,0.2,0.15,0.2,0.2,25851
2019-11-07,0.2,0.2,0.15,0.2,0.2,75785
2019-11-08,0.2,0.25,0.2,0.2,0.2,13734
2019-11-11,0.2,0.25,0.2,0.2,0.2,27999
2019-11-13,0.25,0.25,0.2,0.25,0.25,109012
2019-11-14,0.2,0.25,0.2,0.2,0.2,5221
2019-11-15,0.25,0.25,0.25,0.25,0.25,22561
2019-11-18,0.2,0.25,0.2,0.2,0.2,10492
2019-11-19,0.15,0.2,0.15,0.15,0.15,38000
2019-11-20,0.2,0.2,0.15,0.2,0.2,16439
2019-11-21,0.2,0.25,0.15,0.2,0.2,19740
2019-11-22,0.2,0.2,0.15,0.2,0.2,99351
2019-11-25,0.2,0.2,0.2,0.2,0.2,70920
2019-11-26,0.2,0.2,0.2,0.2,0.2,13071
2019-11-27,0.2,0.25,0.2,0.2,0.2,19535
2019-11-28,0.2,0.25,0.2,0.2,0.2,33050
2019-11-29,0.2,0.25,0.2,0.2,0.2,4010
2019-12-02,0.25,0.25,0.25,0.25,0.25,31890
2019-12-03,0.25,0.25,0.25,0.25,0.25,22606
2019-12-04,0.25,0.25,0.2,0.25,0.25,17000
2019-12-05,0.25,0.25,0.2,0.25,0.25,27530
2019-12-06,0.25,0.25,0.25,0.25,0.25,4310
2019-12-09,0.25,0.2,0.2,0.2,0.2,800
2019-12-10,0.2,0.2,0.15,0.2,0.2,10051
2019-12-11,0.2,0.2,0.2,0.2,0.2,1250
2019-12-12,0.2,0.25,0.2,0.2,0.2,9820
2019-12-13,0.25,0.25,0.2,0.2,0.2,7700
2019-12-16,0.2,0.25,0.2,0.2,0.2,2552
2019-12-17,0.25,0.25,0.2,0.25,0.25,1050
2019-12-18,0.25,0.25,0.25,0.25,0.25,0
2019-12-19,0.2,0.2,0.2,0.2,0.2,1500
2019-12-20,0.25,0.25,0.2,0.25,0.25,48298
2019-12-23,0.25,0.25,0.2,0.2,0.2,6635
2019-12-24,0.25,0.25,0.2,0.25,0.25,13602
2019-12-26,0.25,0.25,0.25,0.25,0.25,104500
2019-12-27,0.25,0.3,0.25,0.25,0.25,16000
2019-12-30,0.25,0.25,0.25,0.25,0.25,20
2019-12-31,0.25,0.25,0.2,0.25,0.25,14501
2020-01-01,0.3,0.25,0.25,0.25,0.25,12849
2020-01-02,0.25,0.25,0.2,0.25,0.25,46398
2020-01-03,0.25,0.25,0.25,0.25,0.25,45562
2020-01-06,0.25,0.25,0.25,0.25,0.25,30003
2020-01-07,0.2,0.25,0.2,0.2,0.2,1517
2020-01-08,0.25,0.25,0.2,0.25,0.25,25511
2020-01-09,0.2,0.2,0.2,0.2,0.2,22000
2020-01-10,0.2,0.2,0.2,0.2,0.2,1000
2020-01-13,0.2,0.2,0.2,0.2,0.2,2076
2020-01-14,0.2,0.2,0.2,0.2,0.2,5358
2020-01-15,0.25,0.25,0.25,0.25,0.25,12525
2020-01-16,0.2,0.25,0.2,0.2,0.2,45046
2020-01-17,0.2,0.25,0.2,0.2,0.2,1200
2020-01-20,0.2,0.2,0.2,0.2,0.2,8000
2020-01-21,0.25,0.25,0.2,0.25,0.25,20700
2020-01-22,0.25,0.25,0.2,0.25,0.25,5466
2020-01-23,0.25,0.25,0.25,0.25,0.25,13600
2020-01-24,0.2,0.25,0.2,0.2,0.2,9901
2020-01-27,0.25,0.25,0.25,0.25,0.25,22402
2020-01-28,0.25,0.25,0.25,0.25,0.25,1440
2020-01-29,0.25,0.25,0.25,0.25,0.25,11540
2020-01-30,0.25,0.25,0.25,0.25,0.25,0
2020-01-31,0.25,0.25,0.25,0.25,0.25,0
2020-02-03,0.2,0.25,0.2,0.2,0.2,6620
2020-02-04,0.2,0.2,0.2,0.2,0.2,43749
2020-02-05,0.25,0.25,0.2,0.25,0.25,60851
2020-02-06,0.25,0.25,0.2,0.25,0.25,12150
2020-02-07,0.25,0.25,0.2,0.25,0.25,11363
2020-02-10,0.25,0.25,0.2,0.25,0.25,1100
2020-02-11,0.25,0.25,0.2,0.25,0.25,7850
2020-02-12,0.2,0.25,0.2,0.2,0.2,6256
2020-02-13,0.2,0.2,0.15,0.2,0.2,8050
2020-02-14,0.2,0.2,0.2,0.2,0.2,22930
2020-02-17,0.2,0.2,0.2,0.2,0.2,91109
2020-02-18,0.2,0.2,0.2,0.2,0.2,800
2020-02-19,0.2,0.25,0.2,0.2,0.2,20493
2020-02-20,0.2,0.2,0.2,0.2,0.2,73391
2020-02-24,0.2,0.2,0.15,0.2,0.2,16059
2020-02-25,0.2,0.2,0.2,0.2,0.2,22975
2020-02-26,0.2,0.2,0.15,0.2,0.2,2800
2020-02-27,0.2,0.2,0.2,0.2,0.2,3100
2020-02-28,0.2,0.2,0.15,0.2,0.2,17000
2020-03-02,0.2,0.2,0.2,0.2,0.2,10301
2020-03-03,0.2,0.2,0.2,0.2,0.2,300
2020-03-04,0.2,0.2,0.15,0.2,0.2,4000
2020-03-05,0.2,0.2,0.2,0.2,0.2,200
2020-03-06,0.2,0.2,0.15,0.2,0.2,1560
2020-03-09,0.2,0.2,0.15,0.2,0.2,22160
2020-03-11,0.2,0.2,0.15,0.2,0.2,24009
2020-03-12,0.2,0.2,0.15,0.2,0.2,96345
2020-03-13,0.2,0.2,0.15,0.2,0.2,4601
2020-03-16,0.2,0.2,0.15,0.2,0.2,5424
2020-03-17,0.2,0.2,0.2,0.2,0.2,11400
2020-03-18,0.2,0.2,0.2,0.2,0.2,2050
2020-03-19,0.2,0.2,0.2,0.2,0.2,90437
2020-03-20,0.2,0.2,0.15,0.2,0.2,299626
2020-03-23,0.2,0.2,0.2,0.2,0.2,0
2020-03-24,0.2,0.2,0.15,0.2,0.2,10160
2020-03-25,0.2,0.2,0.2,0.2,0.2,4075
2020-03-26,0.2,0.2,0.15,0.2,0.2,4000
2020-03-27,0.2,0.2,0.15,0.2,0.2,100
2020-03-30,0.15,0.2,0.15,0.15,0.15,23233
2020-03-31,0.15,0.15,0.15,0.15,0.15,37832
2020-04-01,0.15,0.15,0.15,0.15,0.15,0
2020-04-03,0.2,0.2,0.15,0.2,0.2,2229
2020-04-07,0.2,0.2,0.2,0.2,0.2,1006
2020-04-08,0.2,0.2,0.2,0.2,0.2,2500
2020-04-09,0.2,0.2,0.15,0.2,0.2,21511
2020-04-13,0.2,0.25,0.15,0.2,0.2,155047
2020-04-15,0.2,0.25,0.15,0.25,0.25,107636
2020-04-16,0.25,0.25,0.2,0.25,0.25,104958
2020-04-17,0.2,0.25,0.2,0.25,0.25,376944
2020-04-20,0.25,0.25,0.2,0.2,0.2,185402
2020-04-21,0.2,0.25,0.2,0.25,0.25,119771
2020-04-22,0.25,0.25,0.2,0.2,0.2,80312
2020-04-23,0.25,0.25,0.2,0.25,0.25,148336
2020-04-24,0.25,0.25,0.2,0.2,0.2,77006
2020-04-27,0.25,0.25,0.2,0.25,0.25,57641
2020-04-28,0.25,0.25,0.2,0.25,0.25,159704
2020-04-29,0.25,0.25,0.2,0.25,0.25,67672
2020-04-30,0.2,0.25,0.2,0.2,0.2,153560
2020-05-04,0.2,0.25,0.2,0.2,0.2,94974
2020-05-05,0.2,0.25,0.2,0.25,0.25,185309
2020-05-06,0.2,0.25,0.2,0.25,0.25,50562
2020-05-07,0.25,0.25,0.2,0.25,0.25,22870
2020-05-08,0.25,0.3,0.2,0.25,0.25,493952
2020-05-11,0.25,0.3,0.2,0.3,0.3,305994
2020-05-12,0.3,0.3,0.25,0.3,0.3,327553
2020-05-13,0.35,0.35,0.3,0.3,0.3,248787
2020-05-14,0.25,0.35,0.25,0.35,0.35,484020
2020-05-15,0.4,0.4,0.35,0.4,0.4,374754
2020-05-18,0.45,0.45,0.4,0.45,0.45,1207498
2020-05-19,0.5,0.5,0.5,0.5,0.5,415441
2020-05-20,0.55,0.55,0.55,0.55,0.55,602241
2020-05-21,0.6,0.6,0.6,0.6,0.6,339284
2020-05-22,0.65,0.65,0.65,0.65,0.65,405436
2020-05-26,0.7,0.7,0.7,0.7,0.7,339318
2020-05-27,0.75,0.75,0.75,0.75,0.75,231009
2020-05-28,0.8,0.8,0.7,0.8,0.8,2927681
2020-05-29,0.85,0.85,0.85,0.85,0.85,687964
2020-06-01,0.9,0.9,0.85,0.9,0.9,816742
2020-06-02,0.95,0.95,0.95,0.95,0.95,325488
2020-06-03,1.0,1.0,1.0,1.0,1.0,1084897
2020-06-04,1.05,1.05,1.05,1.05,1.05,510328
2020-06-05,1.1,1.1,1.1,1.1,1.1,801427
2020-06-08,1.15,1.15,1.15,1.15,1.15,546853
2020-06-09,1.2,1.2,1.2,1.2,1.2,179320
2020-06-10,1.25,1.25,1.25,1.25,1.25,403926
2020-06-11,1.3,1.3,1.3,1.3,1.3,828385
2020-06-12,1.35,1.35,1.35,1.35,1.35,920696
2020-06-15,1.4,1.4,1.4,1.4,1.4,196467
2020-06-16,1.45,1.45,1.45,1.45,1.45,672312
2020-06-17,1.5,1.5,1.5,1.5,1.5,848103
2020-06-18,1.55,1.55,1.55,1.55,1.55,415778
2020-06-19,1.6,1.6,1.6,1.6,1.6,267346
2020-06-22,1.65,1.65,1.65,1.65,1.65,548248
2020-06-23,1.7,1.7,1.7,1.7,1.7,225717
2020-06-24,1.75,1.75,1.75,1.75,1.75,290955
2020-06-25,1.8,1.8,1.8,1.8,1.8,204159
2020-06-26,1.85,1.85,1.85,1.85,1.85,361831
2020-06-29,1.9,1.9,1.9,1.9,1.9,702690
2020-06-30,1.95,1.95,1.95,1.95,1.95,475146
2020-07-01,2.0,2.0,2.0,2.0,2.0,631140
2020-07-02,2.1,2.1,1.9,1.9,1.9,4238295
2020-07-03,1.85,1.85,1.85,1.85,1.85,376968
2020-07-06,1.8,1.8,1.8,1.8,1.8,166723
2020-07-07,1.75,1.75,1.75,1.75,1.75,124082
2020-07-08,1.7,1.7,1.7,1.7,1.7,103165
2020-07-09,1.65,1.65,1.65,1.65,1.65,41921
2020-07-10,1.6,1.6,1.6,1.6,1.6,118587
2020-07-13,1.55,1.55,1.55,1.55,1.55,63443
2020-07-14,1.5,1.5,1.5,1.5,1.5,13808
2020-07-15,1.45,1.45,1.45,1.45,1.45,28326
2020-07-16,1.4,1.4,1.4,1.4,1.4,20885
2020-07-17,1.35,1.35,1.35,1.35,1.35,200681
2020-07-20,1.3,1.3,1.3,1.3,1.3,23554
2020-07-21,1.25,1.25,1.25,1.25,1.25,21009
2020-07-22,1.2,1.2,1.2,1.2,1.2,105422
2020-07-23,1.15,1.15,1.15,1.15,1.15,23097
2020-07-24,1.1,1.1,1.1,1.1,1.1,279345
2020-07-27,1.05,1.05,1.05,1.05,1.05,64762
2020-07-28,1.0,1.0,1.0,1.0,1.0,157056
2020-07-29,0.95,0.95,0.95,0.95,0.95,23816
2020-07-30,0.9,0.9,0.9,0.9,0.9,47956
2020-07-31,0.85,0.85,0.85,0.85,0.85,40707
2020-08-03,0.8,0.8,0.8,0.8,0.8,61542
2020-08-04,0.75,0.75,0.75,0.75,0.75,93229
2020-08-05,0.7,0.8,0.7,0.8,0.8,1527047
2020-08-06,0.85,0.85,0.85,0.85,0.85,217498
2020-08-07,0.9,0.9,0.8,0.9,0.9,1254001
2020-08-10,0.95,0.95,0.9,0.95,0.95,923598
2020-08-11,1.0,1.0,0.95,1.0,1.0,531039
2020-08-12,1.05,1.05,1.05,1.05,1.05,246172
2020-08-13,1.1,1.1,1.1,1.1,1.1,162140
2020-08-14,1.15,1.15,1.05,1.05,1.05,438543
2020-08-17,1.0,1.0,1.0,1.0,1.0,87072
2020-08-18,0.95,0.95,0.95,0.95,0.95,213371
2020-08-19,0.9,1.0,0.9,1.0,1.0,1499587
2020-08-20,1.0,1.0,0.95,0.95,0.95,1357745
2020-08-21,0.9,0.95,0.9,0.9,0.9,892135
2020-08-24,0.85,0.9,0.85,0.85,0.85,403424
2020-08-25,0.9,0.9,0.8,0.85,0.85,1125933
2020-08-26,0.85,0.85,0.8,0.85,0.85,442301
2020-08-27,0.8,0.85,0.8,0.85,0.85,422740
2020-08-28,0.85,0.85,0.8,0.8,0.8,305288
2020-08-31,0.8,0.8,0.75,0.8,0.8,457083
2020-09-01,0.8,0.8,0.75,0.8,0.8,400093
2020-09-02,0.75,0.8,0.75,0.75,0.75,257958
2020-09-03,0.75,0.75,0.7,0.7,0.7,189935
2020-09-04,0.7,0.75,0.65,0.7,0.7,628416
2020-09-07,0.7,0.75,0.7,0.75,0.75,419171
2020-09-08,0.8,0.8,0.7,0.7,0.7,698440
2020-09-09,0.75,0.75,0.65,0.7,0.7,331490
2020-09-10,0.7,0.75,0.65,0.7,0.7,191949
2020-09-11,0.7,0.7,0.65,0.7,0.7,136126
2020-09-14,0.7,0.75,0.65,0.7,0.7,285794
2020-09-15,0.7,0.75,0.65,0.75,0.75,356707
2020-09-16,0.8,0.8,0.7,0.75,0.75,336162
2020-09-17,0.75,0.8,0.7,0.75,0.75,206306
2020-09-18,0.7,0.8,0.7,0.75,0.75,306179
2020-09-21,0.75,0.8,0.7,0.7,0.7,369900
2020-09-22,0.7,0.75,0.7,0.7,0.7,111575
2020-09-23,0.75,0.75,0.7,0.7,0.7,61318
2020-09-24,0.75,0.75,0.65,0.65,0.65,309793
2020-09-25,0.65,0.7,0.6,0.7,0.7,191655
2020-09-28,0.65,0.7,0.65,0.7,0.7,93990
2020-09-29,0.65,0.7,0.65,0.65,0.65,88506
2020-09-30,0.7,0.7,0.65,0.7,0.7,125485
2020-10-01,0.65,0.7,0.65,0.65,0.65,144849
2020-10-05,0.7,0.7,0.6,0.65,0.65,170603
2020-10-06,0.65,0.7,0.6,0.65,0.65,39721
2020-10-07,0.65,0.7,0.65,0.7,0.7,74061
2020-10-08,0.7,0.7,0.65,0.65,0.65,151811
2020-10-09,0.65,0.7,0.65,0.65,0.65,93711
2020-10-12,0.65,0.7,0.6,0.65,0.65,89990
2020-10-13,0.65,0.65,0.6,0.6,0.6,60404
2020-10-14,0.6,0.65,0.55,0.6,0.6,163639
2020-10-15,0.6,0.6,0.55,0.55,0.55,135166
2020-10-16,0.6,0.6,0.55,0.55,0.55,76817
2020-10-19,0.55,0.6,0.55,0.6,0.6,60600
2020-10-20,0.6,0.65,0.55,0.65,0.65,170144
2020-10-21,0.6,0.65,0.6,0.6,0.6,107599
2020-10-22,0.6,0.65,0.6,0.65,0.65,81773
2020-10-23,0.65,0.7,0.6,0.65,0.65,213056
2020-10-26,0.65,0.7,0.65,0.65,0.65,153061
2020-10-27,0.65,0.7,0.65,0.65,0.65,163856
2020-10-28,0.65,0.7,0.65,0.7,0.7,34100
2020-10-29,0.7,0.7,0.65,0.65,0.65,201883
2020-10-30,0.65,0.7,0.65,0.65,0.65,100061
2020-11-02,0.65,0.7,0.65,0.65,0.65,45559
2020-11-03,0.65,0.7,0.6,0.6,0.6,65297
2020-11-04,0.6,0.65,0.6,0.65,0.65,146370
2020-11-05,0.65,0.65,0.6,0.65,0.65,45478
2020-11-06,0.6,0.65,0.6,0.6,0.6,184886
2020-11-09,0.6,0.6,0.55,0.6,0.6,113937
2020-11-10,0.6,0.6,0.55,0.55,0.55,104050
2020-11-11,0.6,0.6,0.55,0.6,0.6,82027
2020-11-12,0.65,0.65,0.55,0.6,0.6,59858
2020-11-13,0.6,0.65,0.55,0.6,0.6,108271
2020-11-17,0.6,0.65,0.55,0.65,0.65,794967
2020-11-18,0.65,0.7,0.6,0.7,0.7,307073
2020-11-19,0.65,0.75,0.65,0.7,0.7,494312
2020-11-20,0.7,0.75,0.65,0.7,0.7,223286
2020-11-23,0.65,0.75,0.65,0.7,0.7,213282
2020-11-24,0.7,0.7,0.65,0.65,0.65,149850
2020-11-25,0.7,0.7,0.65,0.7,0.7,233784
2020-11-26,0.7,0.75,0.65,0.7,0.7,222205
2020-11-27,0.7,0.75,0.65,0.7,0.7,116102
2020-12-01,0.7,0.7,0.65,0.7,0.7,121275
2020-12-02,0.7,0.7,0.65,0.65,0.65,375473
2020-12-03,0.65,0.7,0.65,0.7,0.7,348670
2020-12-04,0.75,0.75,0.75,0.75,0.75,238005
2020-12-07,0.85,0.9,0.8,0.9,0.9,1006014
2020-12-08,1.0,1.05,1.0,1.05,1.05,1364635
2020-12-09,1.25,1.25,1.05,1.25,1.25,937976
2020-12-10,1.3,1.35,1.15,1.2,1.2,1520759
2020-12-11,1.15,1.15,1.15,1.15,1.15,205655
2020-12-14,1.1,1.1,1.1,1.1,1.1,177861
2020-12-15,1.05,1.05,1.05,1.05,1.05,224223
2020-12-16,1.0,1.0,1.0,1.0,1.0,118290
2020-12-17,0.95,0.95,0.95,0.95,0.95,175390
2020-12-18,0.9,0.9,0.9,0.9,0.9,48725
2020-12-21,0.9,0.9,0.85,0.85,0.85,368147
2020-12-22,0.8,0.85,0.8,0.8,0.8,70467
2020-12-23,0.85,0.85,0.75,0.85,0.85,147285
2020-12-24,0.9,0.9,0.9,0.9,0.9,105350
2020-12-28,0.95,0.95,0.9,0.95,0.95,187135
2020-12-29,1.0,1.0,0.9,0.9,0.9,314480
2020-12-30,0.95,0.95,0.85,0.9,0.9,111175
2020-12-31,0.95,0.95,0.85,0.9,0.9,180718
2021-01-01,0.9,0.95,0.85,0.95,0.95,148330
2021-01-04,0.95,1.0,0.9,0.95,0.95,374627
2021-01-05,1.0,1.0,0.9,1.0,1.0,789468
2021-01-06,1.05,1.05,0.95,0.95,0.95,582853
2021-01-07,1.0,1.0,0.95,1.0,1.0,956952
2021-01-08,1.0,1.05,0.95,1.0,1.0,413119
2021-01-11,0.95,1.05,0.95,1.05,1.05,1098234
2021-01-12,1.05,1.05,1.0,1.0,1.0,328831
2021-01-13,1.0,1.05,0.95,1.0,1.0,274949
2021-01-14,1.0,1.05,0.95,1.05,1.05,73169
2021-01-15,1.05,1.05,1.0,1.0,1.0,76722
2021-01-18,1.0,1.0,0.95,0.95,0.95,277194
2021-01-19,0.95,1.0,0.9,0.9,0.9,398438
2021-01-20,0.95,0.95,0.9,0.95,0.95,31297
2021-01-21,0.9,1.0,0.9,0.9,0.9,111901
2021-01-22,0.9,0.95,0.85,0.9,0.9,256911
2021-01-25,0.9,0.95,0.85,0.9,0.9,37867
2021-01-27,0.9,0.9,0.85,0.9,0.9,54171
2021-01-28,0.9,0.9,0.85,0.85,0.85,94507
2021-01-29,0.9,0.9,0.85,0.9,0.9,299857
2021-02-01,0.95,0.95,0.9,0.9,0.9,236673
2021-02-02,0.95,0.95,0.85,0.85,0.85,94506
2021-02-03,0.85,0.9,0.85,0.9,0.9,56154
2021-02-04,0.95,0.95,0.85,0.9,0.9,85744
2021-02-05,0.95,0.95,0.85,0.85,0.85,81438
2021-02-08,0.9,0.9,0.85,0.9,0.9,135111
2021-02-09,0.9,0.9,0.85,0.9,0.9,113160
2021-02-10,0.85,0.9,0.85,0.9,0.9,185750
2021-02-11,0.85,0.9,0.85,0.85,0.85,88328
2021-02-12,0.9,0.9,0.8,0.85,0.85,321022
2021-02-15,0.8,0.85,0.8,0.8,0.8,429074
2021-02-16,0.8,0.85,0.75,0.8,0.8,268156
2021-02-17,0.8,0.85,0.8,0.8,0.8,213410
2021-02-18,0.85,0.85,0.75,0.8,0.8,100613
2021-02-19,0.8,0.85,0.75,0.8,0.8,107297
2021-02-22,0.8,0.85,0.75,0.8,0.8,87378
2021-02-23,0.8,0.8,0.75,0.8,0.8,82172
2021-02-24,0.8,0.8,0.75,0.8,0.8,30753
2021-02-25,0.8,0.85,0.75,0.8,0.8,300111
2021-02-26,0.75,0.85,0.75,0.8,0.8,110120
2021-03-01,0.85,0.85,0.75,0.75,0.75,458493
2021-03-02,0.8,0.8,0.75,0.75,0.75,269970
2021-03-03,0.75,0.8,0.75,0.75,0.75,68414
2021-03-04,0.8,0.8,0.75,0.8,0.8,245384
2021-03-05,0.85,0.85,0.8,0.85,0.85,171794
2021-03-08,0.85,0.9,0.8,0.9,0.9,718591
2021-03-09,0.9,0.95,0.9,0.95,0.95,467206
2021-03-10,0.95,0.95,0.9,0.9,0.9,311735
2021-03-12,0.9,0.9,0.85,0.85,0.85,375657
2021-03-15,0.8,0.85,0.8,0.8,0.8,480021
2021-03-16,0.8,0.85,0.75,0.8,0.8,236797
2021-03-17,0.8,0.85,0.75,0.85,0.85,305394
2021-03-18,0.9,0.9,0.8,0.8,0.8,220436
2021-03-19,0.85,0.85,0.8,0.8,0.8,120670
2021-03-22,0.85,0.85,0.8,0.8,0.8,59083
2021-03-23,0.85,0.85,0.8,0.85,0.85,89259
2021-03-24,0.85,0.85,0.8,0.8,0.8,73456
2021-03-25,0.85,0.85,0.75,0.8,0.8,140672
2021-03-26,0.8,0.8,0.75,0.8,0.8,119796
2021-03-30,0.8,0.8,0.75,0.75,0.75,131514
2021-03-31,0.8,0.8,0.7,0.8,0.8,211583
2021-04-01,0.8,0.8,0.75,0.75,0.75,391011
2021-04-05,0.8,0.8,0.75,0.8,0.8,182835
2021-04-06,0.8,0.8,0.75,0.75,0.75,132504
2021-04-07,0.75,0.8,0.75,0.8,0.8,58119
2021-04-08,0.8,0.8,0.75,0.75,0.75,98771
2021-04-09,0.8,0.8,0.75,0.75,0.75,704220
2021-04-12,0.8,0.8,0.75,0.75,0.75,83845
2021-04-13,0.8,0.8,0.75,0.8,0.8,31272
2021-04-15,0.8,0.8,0.75,0.8,0.8,321404
2021-04-16,0.75,0.8,0.75,0.8,0.8,203351
2021-04-19,0.75,0.8,0.75,0.75,0.75,122691
2021-04-20,0.75,0.8,0.7,0.75,0.75,113889
2021-04-22,0.8,0.8,0.7,0.75,0.75,106540
2021-04-23,0.75,0.8,0.7,0.75,0.75,77548
2021-04-26,0.8,0.8,0.7,0.75,0.75,79366
2021-04-27,0.8,0.8,0.7,0.75,0.75,316407
2021-04-28,0.8,0.8,0.7,0.75,0.75,112957
2021-04-29,0.75,0.8,0.7,0.75,0.75,207678
2021-04-30,0.8,0.8,0.75,0.8,0.8,270600
2021-05-03,0.85,0.85,0.8,0.85,0.85,286859
2021-05-04,0.9,0.9,0.9,0.9,0.9,139991
2021-05-05,0.95,0.95,0.95,0.95,0.95,69092
2021-05-06,1.0,1.0,1.0,1.0,1.0,490834
2021-05-07,1.05,1.05,1.05,1.05,1.05,177054
2021-05-10,1.1,1.1,1.1,1.1,1.1,134138
2021-05-11,1.15,1.15,1.15,1.15,1.15,99743
2021-05-12,1.2,1.2,1.2,1.2,1.2,129909
2021-05-14,1.25,1.25,1.15,1.15,1.15,1295924
2021-05-17,1.1,1.1,1.1,1.1,1.1,277193
2021-05-18,1.05,1.05,1.05,1.05,1.05,224237
2021-05-19,1.0,1.1,1.0,1.0,1.0,1090536
2021-05-20,0.95,0.95,0.95,0.95,0.95,103956
2021-05-21,0.9,0.9,0.9,0.9,0.9,267294
2021-05-24,0.85,0.95,0.85,0.95,0.95,627753
2021-05-25,1.0,1.0,0.95,1.0,1.0,399047
2021-05-26,1.05,1.05,1.0,1.05,1.05,467741
2021-05-27,1.05,1.1,1.0,1.0,1.0,215690
2021-05-28,1.05,1.05,0.95,1.0,1.0,619885
2021-05-31,1.0,1.05,0.95,1.0,1.0,288080
2021-06-01,0.95,1.05,0.95,1.0,1.0,192631
2021-06-02,1.0,1.0,0.95,1.0,1.0,149915
2021-06-03,1.0,1.05,0.95,1.0,1.0,565844
2021-06-04,1.05,1.05,1.0,1.0,1.0,216287
2021-06-07,1.05,1.05,0.95,1.05,1.05,346418
2021-06-08,1.05,1.05,1.0,1.0,1.0,309879
2021-06-09,1.05,1.05,1.0,1.0,1.0,442683
2021-06-10,1.05,1.05,1.0,1.05,1.05,558734
2021-06-11,1.1,1.1,1.05,1.1,1.1,437170
2021-06-14,1.15,1.15,1.05,1.15,1.15,502014
2021-06-15,1.15,1.15,1.1,1.1,1.1,408213
2021-06-16,1.1,1.1,1.05,1.05,1.05,556212
2021-06-17,1.1,1.1,1.05,1.1,1.1,550557
2021-06-18,1.15,1.15,1.05,1.1,1.1,561769
2021-06-21,1.1,1.1,1.05,1.1,1.1,417081
2021-06-22,1.1,1.15,1.1,1.15,1.15,923125
2021-06-23,1.2,1.2,1.1,1.2,1.2,917943
2021-06-24,1.25,1.25,1.2,1.25,1.25,919727
2021-06-25,1.3,1.3,1.2,1.25,1.25,990903
2021-06-28,1.3,1.3,1.3,1.3,1.3,192985
2021-06-29,1.35,1.35,1.35,1.35,1.35,192928
2021-06-30,1.4,1.4,1.4,1.4,1.4,723901
2021-07-01,1.45,1.45,1.45,1.45,1.45,98380
2021-07-02,1.5,1.5,1.5,1.5,1.5,378453
2021-07-05,1.55,1.55,1.55,1.55,1.55,402661
2021-07-06,1.6,1.6,1.6,1.6,1.6,96559
2021-07-07,1.65,1.65,1.55,1.55,1.55,1218201
2021-07-08,1.5,1.5,1.5,1.5,1.5,183282
2021-07-09,1.45,1.45,1.45,1.45,1.45,89689
