Date,Open,High,Low,Close,Adj Close,Volume
2016-02-12,860.0,1032.0,806.65,1022.85,1022.85,5498099
2016-02-15,1077.95,1185.0,1075.0,1172.55,1172.55,1484889
2016-02-16,1180.0,1209.45,1105.0,1164.45,1164.45,913567
2016-02-17,1159.75,1159.75,1105.0,1126.95,1126.95,277485
2016-02-18,1127.1,1154.4,1115.0,1131.05,1131.05,204798
2016-02-19,1132.0,1177.7,912.65,1150.8,1150.8,2972757
2016-02-22,1157.0,1175.0,1086.65,1124.6,1124.6,743284
2016-02-23,1113.5,1141.0,1047.5,1084.0,1084.0,501738
2016-02-24,1089.0,1089.0,1048.0,1065.75,1065.75,201967
2016-02-25,1067.7,1075.0,1040.0,1052.35,1052.35,69744
2016-02-26,1052.5,1065.0,971.3,1009.2,1009.2,332636
2016-02-29,1004.0,1042.0,976.0,1017.75,1017.75,271224
2016-03-01,1019.75,1075.0,1016.65,1060.45,1060.45,159194
2016-03-02,1068.7,1094.5,1033.05,1043.7,1043.7,101320
2016-03-03,1050.0,1063.8,1026.3,1042.1,1042.1,78770
2016-03-04,1032.0,1065.0,1031.0,1039.9,1039.9,51075
2016-03-08,1035.0,1053.9,1020.0,1029.05,1029.05,34735
2016-03-09,1021.0,1045.0,1021.0,1030.5,1030.5,25623
2016-03-10,1034.85,1058.6,1016.0,1020.55,1020.55,38004
2016-03-11,1024.65,1031.0,975.0,979.75,979.75,37917
2016-03-14,966.0,1000.0,950.25,980.4,980.4,107739
2016-03-15,961.1,989.0,955.25,968.55,968.55,68522
2016-03-16,953.25,977.0,953.25,962.05,962.05,30646
2016-03-17,971.1,975.95,942.0,950.75,950.75,28816
2016-03-18,946.0,964.0,937.0,947.35,947.35,20736
2016-03-21,941.35,948.8,930.0,936.2,936.2,16515
2016-03-22,938.0,942.6,904.2,913.3,913.3,24696
2016-03-23,903.0,978.8,903.0,925.3,925.3,55254
2016-03-28,925.4,940.8,875.0,881.65,881.65,25222
2016-03-29,884.95,925.0,865.15,898.55,898.55,57395
2016-03-30,894.0,920.0,894.0,900.2,900.2,11830
2016-03-31,900.25,917.55,890.0,895.9,895.9,17430
2016-04-01,899.95,911.0,899.0,904.85,904.85,10857
2016-04-04,904.4,915.0,895.05,899.85,899.85,28919
2016-04-05,908.0,908.0,861.05,882.1,882.1,9425
2016-04-06,887.3,913.0,874.0,877.85,877.85,10668
2016-04-07,885.05,901.45,862.1,875.4,875.4,7805
2016-04-08,878.1,892.1,871.7,879.7,879.7,8890
2016-04-11,861.7,894.0,858.0,864.4,864.4,10693
2016-04-12,867.85,886.0,864.05,870.85,870.85,30253
2016-04-13,870.0,886.0,866.85,874.85,874.85,20336
2016-04-18,882.0,885.8,871.0,879.5,879.5,4916
2016-04-20,879.25,895.5,870.5,881.6,881.6,7078
2016-04-21,883.7,890.0,875.35,887.3,887.3,8826
2016-04-22,887.05,932.0,880.3,913.2,913.2,63437
2016-04-25,908.0,929.95,895.25,905.5,905.5,8048
2016-04-26,896.05,954.0,881.1,937.7,937.7,28269
2016-04-27,940.0,983.7,920.1,960.2,960.2,99005
2016-04-28,946.55,970.0,936.0,941.2,941.2,11837
2016-04-29,940.05,941.0,914.25,935.8,935.8,6426
2016-05-02,929.55,959.65,928.85,954.25,954.25,14983
2016-05-03,946.0,980.0,932.05,942.2,942.2,14000
2016-05-04,946.5,954.05,922.0,930.55,930.55,5794
2016-05-05,937.35,940.55,924.0,926.35,926.35,10895
2016-05-06,925.05,932.0,891.2,899.85,899.85,3770
2016-05-09,907.0,918.8,882.3,910.3,910.3,6140
2016-05-10,901.0,911.25,880.0,882.55,882.55,3988
2016-05-11,882.0,901.9,872.0,895.75,895.75,3630
2016-05-12,884.55,901.0,884.0,889.8,889.8,1276
2016-05-13,894.1,894.1,868.0,872.6,872.6,3950
2016-05-16,874.15,997.0,872.7,961.45,961.45,71450
2016-05-17,961.85,972.0,893.5,905.15,905.15,25637
2016-05-18,908.0,948.7,890.95,938.25,938.25,26781
2016-05-19,935.85,963.0,904.0,917.95,917.95,17952
2016-05-20,923.85,939.9,910.0,915.35,915.35,4340
2016-05-23,923.9,962.5,915.0,945.85,945.85,70640
2016-05-24,935.05,954.65,923.0,935.3,935.3,7719
2016-05-25,926.65,939.0,917.95,920.95,920.95,2694
2016-05-26,923.95,975.0,923.9,947.55,947.55,95901
2016-05-27,950.05,965.0,937.0,940.2,940.2,6394
2016-05-30,940.25,946.95,933.3,935.95,935.95,1468
2016-05-31,943.85,950.0,909.0,930.5,930.5,4815
2016-06-01,912.0,959.0,910.0,914.45,914.45,3414
2016-06-02,927.9,930.0,919.2,923.1,923.1,68716
2016-06-03,924.7,933.0,909.0,911.6,911.6,2850
2016-06-06,916.65,922.2,903.2,907.15,907.15,2850
2016-06-07,904.3,921.9,904.3,915.4,915.4,2161
2016-06-08,911.75,925.0,908.35,917.35,917.35,1467
2016-06-09,915.45,921.6,905.0,909.7,909.7,2944
2016-06-10,915.75,917.0,901.7,907.1,907.1,1182
2016-06-13,905.45,910.05,874.05,880.1,880.1,29759
2016-06-14,916.0,958.0,881.05,912.05,912.05,18352
2016-06-15,920.0,925.0,900.0,908.05,908.05,4022
2016-06-16,905.7,909.55,885.0,891.0,891.0,5321
2016-06-17,881.0,899.45,881.0,885.45,885.45,2806
2016-06-20,876.55,890.0,855.6,887.35,887.35,25218
2016-06-21,895.6,915.8,890.5,908.75,908.75,3986
2016-06-22,922.85,924.9,910.05,920.0,920.0,6314
2016-06-23,928.7,928.7,907.4,922.7,922.7,3034
2016-06-24,913.75,923.5,870.0,907.6,907.6,4504
2016-06-27,919.95,924.5,895.7,910.65,910.65,2078
2016-06-28,913.85,935.0,903.0,923.35,923.35,2979
2016-06-29,930.0,1069.0,930.0,1013.8,1013.8,58606
2016-06-30,1033.0,1182.0,1020.0,1088.65,1088.65,210874
2016-07-01,1079.0,1105.0,1050.6,1082.6,1082.6,64327
2016-07-04,1096.8,1135.0,1060.95,1099.35,1099.35,75818
2016-07-05,1105.0,1126.55,1072.05,1100.6,1100.6,59031
2016-07-07,1096.0,1124.9,1091.0,1101.35,1101.35,21828
2016-07-08,1104.75,1123.0,1104.45,1110.25,1110.25,31392
2016-07-11,1120.0,1138.9,1080.2,1090.85,1090.85,33096
2016-07-12,1092.4,1101.0,1028.1,1036.9,1036.9,38557
2016-07-13,1044.8,1044.95,1017.0,1025.7,1025.7,7115
2016-07-14,1011.4,1057.8,1005.1,1029.0,1029.0,7614
2016-07-15,1020.15,1045.0,1010.65,1030.3,1030.3,4296
2016-07-18,1049.9,1049.9,1018.65,1026.4,1026.4,3452
2016-07-19,1039.95,1039.95,1014.9,1019.85,1019.85,5427
2016-07-20,1021.9,1040.9,1015.05,1036.45,1036.45,5203
2016-07-21,1021.05,1051.0,1021.05,1041.45,1041.45,3838
2016-07-22,1031.0,1047.0,1020.0,1023.0,1023.0,617
2016-07-25,1027.6,1079.0,1023.35,1067.35,1067.35,80859
2016-07-26,1068.95,1075.55,1042.05,1049.6,1049.6,14570
2016-07-27,1062.0,1069.85,1043.75,1050.9,1050.9,1589
2016-07-28,1055.3,1055.3,1035.0,1050.55,1050.55,7237
2016-07-29,1052.55,1056.05,1035.0,1046.55,1046.55,1164
2016-08-01,1050.0,1112.0,1035.0,1061.35,1061.35,6931
2016-08-02,1042.3,1078.0,1042.3,1052.65,1052.65,5765
2016-08-03,1077.8,1077.8,1035.1,1061.3,1061.3,3412
2016-08-04,1066.65,1099.95,1043.55,1065.35,1065.35,8298
2016-08-05,1070.1,1100.0,1070.1,1084.05,1084.05,8594
2016-08-08,1100.0,1130.0,1100.0,1123.85,1123.85,8355
2016-08-09,1115.0,1165.0,1061.2,1150.45,1150.45,73763
2016-08-10,1145.0,1179.0,1072.1,1099.4,1099.4,1019730
2016-08-11,1127.0,1130.0,1080.0,1097.4,1097.4,18850
2016-08-12,1104.95,1118.0,1075.65,1097.45,1097.45,4734
2016-08-16,1080.2,1097.65,1026.0,1036.35,1036.35,5512
2016-08-17,1050.0,1061.0,1026.0,1055.4,1055.4,4765
2016-08-18,1030.65,1070.0,1030.65,1060.8,1060.8,2457
2016-08-19,1053.8,1085.05,1053.1,1064.75,1064.75,2355
2016-08-22,1066.25,1066.25,1040.3,1058.95,1058.95,2160
2016-08-23,1055.15,1104.85,1041.0,1100.2,1100.2,8129
2016-08-24,1087.0,1125.0,1087.0,1121.1,1121.1,5661
2016-08-25,1150.0,1150.0,1101.55,1129.95,1129.95,4434
2016-08-26,1125.6,1134.0,1100.35,1123.55,1123.55,4050
2016-08-29,1120.25,1130.0,1105.15,1126.3,1126.3,2997
2016-08-30,1121.5,1139.0,1112.1,1134.85,1134.85,4911
2016-08-31,1130.0,1132.95,1100.15,1115.2,1115.2,887
2016-09-01,1124.85,1149.4,1105.4,1123.4,1123.4,3989
2016-09-02,1126.95,1127.0,1106.1,1113.0,1113.0,560
2016-09-06,1135.55,1135.55,1101.0,1106.8,1106.8,942
2016-09-07,1111.1,1133.95,1100.05,1124.6,1124.6,4163
2016-09-08,1120.25,1140.0,1104.4,1106.9,1106.9,1105
2016-09-09,1129.85,1129.85,1070.0,1076.75,1076.75,4730
2016-09-12,1076.0,1099.0,1070.05,1088.0,1088.0,1039
2016-09-14,1069.95,1094.85,1042.05,1089.15,1089.15,47791
2016-09-15,1089.0,1098.0,1073.55,1083.4,1083.4,499
2016-09-16,1066.0,1106.0,1066.0,1097.65,1097.65,8222
2016-09-19,1076.05,1124.9,1076.05,1110.0,1110.0,35860
2016-09-20,1139.0,1139.0,1090.55,1115.1,1115.1,1826
2016-09-21,1136.0,1169.0,1102.0,1125.35,1125.35,35933
2016-09-22,1129.9,1140.4,1107.0,1113.1,1113.1,7000
2016-09-23,1113.0,1125.0,1105.0,1115.05,1115.05,3147
2016-09-26,1115.0,1122.05,1090.1,1094.0,1094.0,3093
2016-09-27,1081.6,1102.35,1060.0,1063.0,1063.0,4504
2016-09-28,1066.0,1079.85,1063.0,1073.45,1073.45,717
2016-09-29,1079.9,1120.0,1061.0,1066.55,1066.55,80583
2016-09-30,1045.2,1074.95,1034.65,1065.75,1065.75,1619
2016-10-03,1073.9,1110.0,1073.9,1097.65,1097.65,907
2016-10-04,1080.15,1110.0,1070.0,1074.35,1074.35,16697
2016-10-05,1084.8,1089.0,1055.0,1064.95,1064.95,1296
2016-10-06,1074.1,1099.0,1070.0,1073.8,1073.8,5523
2016-10-07,1073.3,1080.0,1063.05,1074.0,1074.0,378
2016-10-10,1074.05,1077.6,1050.0,1052.35,1052.35,1839
2016-10-13,1052.05,1055.05,1021.0,1022.55,1022.55,21534
2016-10-14,1022.55,1040.9,1011.0,1017.2,1017.2,1669
2016-10-17,1025.0,1037.95,1001.55,1005.75,1005.75,1592
2016-10-18,1005.0,1049.95,1005.0,1014.55,1014.55,2876
2016-10-19,1029.85,1029.9,1010.0,1011.85,1011.85,5007
2016-10-20,1018.9,1085.0,1011.0,1021.2,1021.2,10260
2016-10-21,1029.9,1039.55,1010.5,1017.6,1017.6,51622
2016-10-24,1025.95,1057.85,983.0,994.95,994.95,14119
2016-10-25,994.05,1024.8,976.0,1008.65,1008.65,13018
2016-10-26,1008.05,1031.2,991.05,1024.8,1024.8,3465
2016-10-27,1024.0,1027.0,1004.35,1020.25,1020.25,2523
2016-10-28,1012.05,1030.0,995.0,1013.4,1013.4,14110
2016-11-01,1019.9,1025.15,1010.1,1019.6,1019.6,3179
2016-11-02,1032.9,1032.9,972.2,993.95,993.95,3026
2016-11-03,1008.95,1029.0,1008.95,1023.15,1023.15,1880
2016-11-04,1039.65,1039.9,992.0,1020.2,1020.2,2089
2016-11-07,1014.95,1025.0,1002.0,1022.65,1022.65,742
2016-11-08,1008.35,1013.9,1000.0,1003.35,1003.35,547
2016-11-09,990.1,990.1,930.35,984.3,984.3,2083
2016-11-10,999.85,1040.05,990.0,995.1,995.1,2364
2016-11-11,1031.0,1031.0,975.0,980.9,980.9,8474
2016-11-15,982.05,982.05,926.5,937.25,937.25,1658
2016-11-16,945.05,950.0,890.0,899.05,899.05,3073
2016-11-17,885.55,899.95,866.05,876.8,876.8,6612
2016-11-18,897.85,900.0,870.1,881.5,881.5,932
2016-11-21,873.55,897.55,823.1,864.5,864.5,3897
2016-11-22,887.95,887.95,840.1,849.05,849.05,3735
2016-11-23,872.0,885.0,840.05,843.8,843.8,2829
2016-11-24,865.0,865.0,830.5,840.45,840.45,9845
2016-11-25,867.0,879.0,850.35,854.95,854.95,35197
2016-11-28,904.0,904.0,842.0,847.3,847.3,2341
2016-11-29,857.7,863.0,845.0,849.7,849.7,21194
2016-11-30,855.0,880.0,855.0,868.2,868.2,19941
2016-12-01,887.0,887.0,852.1,856.9,856.9,7895
2016-12-02,856.0,859.95,840.0,842.45,842.45,1080
2016-12-05,835.0,858.85,832.5,834.55,834.55,415
2016-12-06,851.85,885.0,839.1,878.0,878.0,2383
2016-12-07,860.0,899.9,860.0,872.2,872.2,559
2016-12-08,837.3,899.95,837.3,878.2,878.2,33257
2016-12-09,888.95,900.0,879.95,880.9,880.9,15855
2016-12-12,880.0,889.0,862.0,870.95,870.95,492
2016-12-13,879.0,887.95,840.95,872.5,872.5,63058
2016-12-14,872.0,890.1,872.0,880.0,880.0,4973
2016-12-15,870.95,897.0,870.95,896.0,896.0,1659
2016-12-16,878.1,895.05,878.1,890.0,890.0,310
2016-12-19,899.95,899.95,871.7,875.7,875.7,245
2016-12-20,885.0,899.0,860.0,865.6,865.6,1357
2016-12-21,879.9,887.25,865.0,867.3,867.3,4750
2016-12-22,896.0,907.0,872.0,882.15,882.15,20135
2016-12-23,879.9,885.0,870.4,875.8,875.8,1265
2016-12-26,879.9,899.85,851.25,861.95,861.95,1123
2016-12-27,870.1,879.9,862.05,870.25,870.25,961
2016-12-28,905.0,910.0,865.0,874.85,874.85,11522
2016-12-29,879.9,887.9,873.0,882.5,882.5,1370
2016-12-30,865.05,974.8,856.05,886.25,886.25,27692
2017-01-02,889.9,889.9,864.0,870.85,870.85,5864
2017-01-03,870.85,885.0,866.25,878.3,878.3,9781
2017-01-04,884.0,895.0,872.45,885.3,885.3,77424
2017-01-05,887.0,905.4,882.0,898.35,898.35,1744
2017-01-06,906.0,906.0,890.0,902.95,902.95,26651
2017-01-09,909.0,909.0,876.05,891.65,891.65,3086
2017-01-10,889.0,899.0,884.0,886.5,886.5,681
2017-01-11,882.05,902.05,876.9,899.85,899.85,60203
2017-01-12,883.25,907.0,883.2,892.95,892.95,1042
2017-01-13,887.0,900.0,881.0,892.35,892.35,2442
2017-01-16,900.4,900.4,865.05,879.4,879.4,76048
2017-01-17,909.0,939.0,892.0,899.55,899.55,51233
2017-01-18,892.2,909.0,875.7,883.9,883.9,4321
2017-01-19,885.0,898.95,876.3,885.5,885.5,2273
2017-01-20,896.0,896.0,868.6,870.95,870.95,2729
2017-01-23,861.05,880.0,861.05,868.05,868.05,812
2017-01-24,870.5,895.0,868.05,886.4,886.4,2790
2017-01-25,904.1,916.0,894.45,912.8,912.8,4744
2017-01-27,929.0,946.9,901.7,906.9,906.9,6102
2017-01-30,908.0,919.0,896.0,903.05,903.05,390
2017-01-31,896.05,927.0,890.2,900.95,900.95,9364
2017-02-01,890.1,908.95,880.0,887.15,887.15,1458
2017-02-02,908.95,1007.35,892.0,973.8,973.8,61608
2017-02-03,973.0,973.0,930.2,940.65,940.65,14689
2017-02-06,955.0,956.0,922.0,926.95,926.95,10048
2017-02-07,953.0,953.0,924.55,931.45,931.45,4771
2017-02-08,924.0,939.0,901.0,907.85,907.85,3366
2017-02-09,929.0,934.5,898.0,906.45,906.45,6232
2017-02-10,907.1,912.75,890.15,902.4,902.4,2475
2017-02-13,851.2,920.7,851.2,880.65,880.65,20833
2017-02-14,898.3,900.0,863.0,864.8,864.8,10891
2017-02-15,868.0,875.45,852.55,860.2,860.2,15183
2017-02-16,850.0,874.0,850.0,873.6,873.6,4149
2017-02-17,879.9,887.0,861.5,872.95,872.95,2493
2017-02-20,873.15,881.0,859.95,865.65,865.65,35649
2017-02-21,866.05,870.0,853.35,858.65,858.65,3981
2017-02-22,858.65,872.5,840.05,861.95,861.95,4502
2017-02-23,850.0,863.9,850.0,861.1,861.1,2983
2017-02-27,860.1,861.0,855.0,858.15,858.15,204489
2017-02-28,875.0,875.0,841.0,857.3,857.3,20757
2017-03-01,855.0,869.0,855.0,862.1,862.1,29225
2017-03-02,878.0,878.0,853.05,871.4,871.4,37884
2017-03-03,858.15,872.5,858.15,870.05,870.05,17336
2017-03-06,878.0,878.0,865.75,872.95,872.95,4216
2017-03-07,911.0,942.8,900.0,909.9,909.9,140855
2017-03-08,902.1,915.0,892.2,910.65,910.65,6376
2017-03-09,900.05,917.55,898.1,902.3,902.3,3109
2017-03-10,902.3,911.95,880.0,888.5,888.5,3345
2017-03-14,906.0,922.0,879.3,881.25,881.25,4435
2017-03-15,894.0,947.6,889.0,916.0,916.0,43325
2017-03-16,934.0,955.0,918.5,930.9,930.9,36880
2017-03-17,940.0,967.0,929.95,949.5,949.5,21133
2017-03-20,945.0,984.0,935.2,970.6,970.6,23385
2017-03-21,980.0,989.0,958.0,972.35,972.35,9873
2017-03-22,972.35,979.75,960.0,964.3,964.3,6199
2017-03-23,960.0,975.0,955.0,960.55,960.55,220826
2017-03-24,966.8,977.0,946.0,954.55,954.55,3947
2017-03-27,956.05,963.0,934.0,937.15,937.15,2417
2017-03-28,938.05,956.0,938.0,952.8,952.8,11819
2017-03-29,965.0,965.0,924.5,938.1,938.1,4202
2017-03-30,940.05,960.0,938.0,957.7,957.7,44349
2017-03-31,977.0,993.45,960.85,972.05,972.05,81851
2017-04-03,980.0,1005.05,978.8,1000.3,1000.3,49168
2017-04-05,1024.0,1025.0,994.95,1004.1,1004.1,7422
2017-04-06,1005.0,1010.0,995.3,1005.1,1005.1,4920
2017-04-07,1000.0,1050.0,1000.0,1022.45,1022.45,9829
2017-04-10,1022.45,1044.0,1020.0,1037.05,1037.05,5982
2017-04-11,1021.0,1082.35,1021.0,1053.75,1053.75,15476
2017-04-12,1035.05,1080.0,1021.95,1042.1,1042.1,7179
2017-04-13,1042.0,1070.85,1032.05,1050.45,1050.45,3477
2017-04-17,1029.4,1055.95,1020.1,1038.5,1038.5,1967
2017-04-18,1030.15,1055.6,1030.15,1039.05,1039.05,4190
2017-04-19,1053.0,1070.0,1030.25,1045.45,1045.45,8968
2017-04-20,1047.1,1059.8,1036.05,1039.35,1039.35,1477
2017-04-21,1068.95,1131.15,970.35,1091.5,1091.5,54829
2017-04-24,1106.45,1110.0,1070.0,1085.0,1085.0,9205
2017-04-25,1115.95,1115.95,1080.05,1087.45,1087.45,14389
2017-04-26,1087.05,1089.0,1050.1,1070.05,1070.05,6383
2017-04-27,1075.9,1075.9,1050.0,1069.0,1069.0,1864
2017-04-28,1079.9,1086.95,1035.0,1058.45,1058.45,2597
2017-05-02,1052.0,1089.9,1052.0,1086.1,1086.1,30398
2017-05-03,1070.05,1099.9,1070.05,1091.9,1091.9,2540
2017-05-04,1071.6,1098.9,1071.6,1093.2,1093.2,101791
2017-05-05,1099.8,1099.8,1081.2,1094.8,1094.8,5910
2017-05-08,1095.0,1115.75,1081.05,1109.2,1109.2,12857
2017-05-09,1119.0,1124.0,1097.05,1118.75,1118.75,13110
2017-05-10,1140.0,1148.0,1100.0,1137.4,1137.4,4943
2017-05-11,1129.95,1135.0,1100.3,1103.55,1103.55,3489
2017-05-12,1140.0,1140.0,1093.0,1123.15,1123.15,5711
2017-05-15,1123.0,1144.15,1123.0,1141.75,1141.75,6091
2017-05-16,1139.45,1168.0,1130.05,1160.1,1160.1,9973
2017-05-17,1150.0,1174.95,1128.5,1166.9,1166.9,5321
2017-05-18,1140.15,1224.95,1140.15,1205.15,1205.15,37785
2017-05-19,1264.8,1264.8,1160.0,1168.95,1168.95,18095
2017-05-22,1204.0,1205.0,1149.25,1163.8,1163.8,6811
2017-05-23,1164.0,1164.5,1121.0,1145.2,1145.2,8530
2017-05-24,1135.05,1160.0,1128.15,1140.75,1140.75,3687
2017-05-25,1140.75,1160.0,1139.95,1155.4,1155.4,5310
2017-05-26,1156.1,1165.0,1153.1,1155.65,1155.65,1698
2017-05-29,1160.0,1167.1,1131.8,1155.2,1155.2,2560
2017-05-30,1160.0,1169.95,1156.35,1160.2,1160.2,907
2017-05-31,1159.95,1169.4,1150.0,1167.2,1167.2,12267
2017-06-01,1180.0,1210.0,1166.05,1205.9,1205.9,10560
2017-06-02,1195.0,1258.95,1146.0,1195.25,1195.25,1439
2017-06-05,1212.0,1227.0,1187.0,1198.55,1198.55,2680
2017-06-06,1204.5,1230.0,1200.5,1220.2,1220.2,7076
2017-06-07,1235.2,1244.9,1170.4,1238.2,1238.2,6941
2017-06-08,1222.05,1265.15,1218.05,1261.45,1261.45,6749
2017-06-09,1270.35,1381.0,1255.0,1288.0,1288.0,10660
2017-06-12,1299.95,1305.0,1265.0,1289.2,1289.2,10400
2017-06-13,1290.0,1325.0,1271.05,1321.2,1321.2,79815
2017-06-14,1350.0,1350.0,1319.05,1339.65,1339.65,92477
2017-06-15,1349.95,1350.0,1328.0,1333.85,1333.85,2182
2017-06-16,1331.2,1335.5,1319.05,1323.3,1323.3,2248
2017-06-19,1305.0,1352.5,1297.35,1313.45,1313.45,15306
2017-06-20,1345.0,1345.0,1295.1,1330.55,1330.55,4467
2017-06-21,1334.75,1338.0,1318.0,1327.6,1327.6,3250
2017-06-22,1327.6,1338.0,1306.05,1328.95,1328.95,26039
2017-06-23,1318.75,1369.5,1303.5,1335.5,1335.5,5938
2017-06-27,1340.0,1340.0,1318.8,1332.9,1332.9,3155
2017-06-28,1327.0,1330.0,1303.1,1314.35,1314.35,5228
2017-06-29,1302.05,1344.0,1302.05,1336.85,1336.85,2382
2017-06-30,1339.0,1349.0,1320.0,1343.85,1343.85,2217
2017-07-03,1347.55,1375.0,1341.3,1371.05,1371.05,2605
2017-07-04,1374.0,1430.5,1374.0,1414.75,1414.75,8088
2017-07-05,1410.0,1445.6,1400.65,1436.7,1436.7,5501
2017-07-06,1459.95,1475.5,1432.55,1450.0,1450.0,91954
2017-07-07,1425.25,1467.45,1425.25,1444.55,1444.55,52324
2017-07-10,1481.95,1481.95,1401.0,1471.05,1471.05,1450
2017-07-11,1500.0,1520.0,1420.0,1502.65,1502.65,8039
2017-07-12,1490.0,1536.9,1482.0,1514.5,1514.5,3555
2017-07-13,1535.0,1535.0,1470.05,1480.55,1480.55,11868
2017-07-14,1470.1,1490.0,1425.05,1457.15,1457.15,5149
2017-07-17,1480.0,1518.0,1455.05,1505.1,1505.1,2583
2017-07-18,1512.0,1512.0,1458.9,1485.95,1485.95,36194
2017-07-19,1497.0,1510.0,1425.0,1434.6,1434.6,6948
2017-07-20,1441.8,1459.95,1430.1,1443.05,1443.05,2096
2017-07-21,1440.0,1440.0,1378.1,1389.95,1389.95,3713
2017-07-24,1380.0,1387.85,1340.0,1359.6,1359.6,15592
2017-07-25,1351.35,1354.95,1317.55,1325.45,1325.45,2896
2017-07-26,1319.05,1360.0,1319.05,1334.75,1334.75,2257
2017-07-27,1316.25,1333.95,1280.0,1297.95,1297.95,24409
2017-07-28,1271.0,1315.0,1271.0,1307.95,1307.95,2225
2017-07-31,1312.05,1426.3,1308.2,1380.5,1380.5,8440
2017-08-01,1390.0,1419.0,1364.7,1405.1,1405.1,16515
2017-08-02,1384.8,1430.0,1384.8,1424.65,1424.65,3479
2017-08-03,1429.0,1456.0,1416.5,1437.9,1437.9,3269
2017-08-04,1447.9,1481.0,1395.95,1411.55,1411.55,36950
2017-08-07,1385.45,1411.8,1385.45,1405.5,1405.5,53716
2017-08-08,1401.0,1461.0,1392.65,1422.75,1422.75,49140
2017-08-09,1414.9,1439.95,1409.8,1428.8,1428.8,4304
2017-08-10,1425.0,1435.0,1401.0,1414.2,1414.2,49606
2017-08-11,1375.0,1427.8,1357.2,1424.15,1424.15,1885
2017-08-14,1420.0,1448.75,1418.8,1427.6,1427.6,1545
2017-08-16,1400.0,1519.0,1396.2,1483.5,1483.5,15196
2017-08-17,1488.9,1490.0,1438.25,1453.0,1453.0,2114
2017-08-18,1450.0,1466.15,1447.55,1454.1,1454.1,1022
2017-08-21,1435.0,1500.0,1435.0,1479.25,1479.25,3479
2017-08-22,1460.1,1477.25,1460.1,1472.05,1472.05,1045
2017-08-23,1473.9,1480.0,1448.6,1459.6,1459.6,255
2017-08-24,1469.35,1490.0,1469.35,1479.05,1479.05,1457
2017-08-28,1500.0,1500.0,1461.0,1474.7,1474.7,840
2017-08-29,1475.0,1491.0,1460.05,1487.6,1487.6,1042
2017-08-30,1488.05,1500.0,1476.3,1494.9,1494.9,1654
2017-08-31,1491.15,1523.0,1468.9,1485.55,1485.55,51649
2017-09-01,1498.0,1524.5,1483.0,1508.75,1508.75,2894
2017-09-04,1503.7,1525.0,1495.55,1502.25,1502.25,1406
2017-09-05,1497.0,1528.0,1480.05,1520.1,1520.1,26693
2017-09-06,1515.0,1660.0,1515.0,1612.4,1612.4,12706
2017-09-07,1580.8,1730.0,1573.35,1699.65,1699.65,36469
2017-09-08,1700.0,1776.0,1619.5,1634.1,1634.1,12541
2017-09-11,1650.4,1689.9,1635.0,1638.15,1638.15,1822
2017-09-12,1650.4,1654.4,1615.0,1644.45,1644.45,4719
2017-09-13,1636.4,1653.85,1590.05,1596.55,1596.55,3450
2017-09-14,1581.0,1620.45,1581.0,1612.1,1612.1,128983
2017-09-15,1650.0,1655.0,1591.0,1605.45,1605.45,4362
2017-09-18,1594.0,1652.0,1498.9,1570.55,1570.55,57688
2017-09-19,1542.25,1607.9,1531.0,1554.2,1554.2,5566
2017-09-20,1554.2,1608.4,1550.0,1604.3,1604.3,7774
2017-09-21,1614.0,1635.0,1578.05,1623.55,1623.55,2455
2017-09-22,1615.0,1623.7,1571.0,1589.2,1589.2,788
2017-09-25,1627.0,1627.0,1466.0,1573.65,1573.65,4901
2017-09-26,1560.0,1700.0,1558.0,1639.45,1639.45,15583
2017-09-27,1629.0,1638.0,1560.0,1578.05,1578.05,4909
2017-09-28,1592.0,1650.0,1576.15,1631.0,1631.0,35065
2017-09-29,1650.0,1670.0,1595.5,1625.0,1625.0,5829
2017-10-03,1612.6,1660.0,1612.6,1648.55,1648.55,1672
2017-10-04,1625.0,1658.95,1625.0,1638.55,1638.55,5604
2017-10-05,1659.95,1670.0,1610.0,1616.1,1616.1,1395
2017-10-06,1639.0,1644.9,1570.0,1591.55,1591.55,1573
2017-10-09,1586.05,1636.0,1586.0,1626.4,1626.4,2851
2017-10-10,1605.25,1659.0,1605.0,1609.95,1609.95,3433
2017-10-11,1626.0,1635.1,1599.0,1606.8,1606.8,1322
2017-10-12,1622.9,1649.95,1597.55,1605.8,1605.8,1325
2017-10-13,1621.9,1649.0,1612.0,1627.6,1627.6,2605
2017-10-16,1650.0,1650.0,1590.55,1596.25,1596.25,3448
2017-10-17,1612.2,1650.0,1567.25,1578.1,1578.1,8969
2017-10-18,1593.9,1612.0,1562.0,1567.8,1567.8,1497
2017-10-19,1598.3,1610.0,1587.5,1600.15,1600.15,1227
2017-10-23,1610.0,1649.0,1600.0,1628.75,1628.75,20226
2017-10-24,1644.0,1649.0,1624.0,1631.8,1631.8,2235
2017-10-25,1632.05,1644.6,1625.0,1636.0,1636.0,652
2017-10-26,1615.0,1650.0,1615.0,1645.95,1645.95,1191
2017-10-27,1639.4,1648.45,1632.1,1640.7,1640.7,491
2017-10-30,1640.0,1655.0,1591.25,1614.45,1614.45,2535
2017-10-31,1626.2,1635.0,1600.85,1624.8,1624.8,1463
2017-11-01,1624.8,1638.0,1611.0,1626.1,1626.1,776
2017-11-02,1625.0,1628.95,1602.0,1611.65,1611.65,1484
2017-11-03,1600.0,1649.0,1600.0,1608.6,1608.6,1433
2017-11-06,1624.0,1639.0,1595.05,1632.9,1632.9,902
2017-11-07,1650.0,1700.0,1610.25,1663.35,1663.35,26961
2017-11-08,1670.0,1980.0,1670.0,1826.3,1826.3,65668
2017-11-09,1832.0,1925.0,1830.0,1886.85,1886.85,30034
2017-11-10,1886.85,1890.0,1813.0,1870.55,1870.55,7649
2017-11-13,1890.0,1899.9,1817.85,1887.6,1887.6,19727
2017-11-14,1864.75,1875.05,1847.0,1857.0,1857.0,2104
2017-11-15,1815.0,1875.0,1800.0,1843.55,1843.55,7921
2017-11-16,1858.95,1880.0,1796.15,1848.2,1848.2,29097
2017-11-17,1850.0,1914.0,1791.0,1804.05,1804.05,4617
2017-11-20,1841.0,1864.0,1808.0,1860.0,1860.0,4055
2017-11-21,1870.9,1949.0,1832.9,1885.35,1885.35,864937
2017-11-22,1944.0,2190.0,1944.0,2082.3,2082.3,101023
2017-11-23,2103.0,2120.0,2040.0,2087.45,2087.45,14556
2017-11-24,2095.0,2095.0,1900.0,1958.85,1958.85,13600
2017-11-27,1958.0,2061.0,1951.0,2034.35,2034.35,11322
2017-11-28,2060.0,2310.0,2060.0,2196.7,2196.7,79965
2017-11-29,2218.7,2285.25,2201.0,2224.65,2224.65,25470
2017-11-30,2239.95,2265.0,2159.4,2226.9,2226.9,16917
2017-12-01,2240.0,2249.2,2170.0,2180.7,2180.7,9420
2017-12-04,2220.0,2246.1,2155.0,2166.25,2166.25,10856
2017-12-05,2187.9,2188.05,2015.2,2048.1,2048.1,17135
2017-12-06,2068.55,2160.0,2044.6,2092.55,2092.55,25982
2017-12-07,2082.15,2155.05,2082.15,2098.85,2098.85,18865
2017-12-08,2159.0,2166.0,2048.9,2129.8,2129.8,15872
2017-12-11,2132.0,2330.85,2130.0,2243.1,2243.1,24692
2017-12-12,2264.85,2264.85,2161.0,2172.7,2172.7,7502
2017-12-13,2149.05,2194.35,2134.0,2144.25,2144.25,3887
2017-12-14,2164.95,2179.55,2040.0,2048.6,2048.6,12242
2017-12-15,2099.0,2101.7,2031.15,2052.0,2052.0,17680
2017-12-18,2045.0,2065.0,1999.8,2004.2,2004.2,12468
2017-12-19,2049.0,2049.0,1968.65,2011.75,2011.75,21726
2017-12-20,1990.2,2138.0,1990.2,2047.1,2047.1,29227
2017-12-21,2062.4,2308.2,2050.25,2246.35,2246.35,39731
2017-12-22,2290.0,2374.7,2266.05,2357.15,2357.15,53497
2017-12-26,2392.0,2543.7,2376.1,2468.85,2468.85,57309
2017-12-27,2480.15,2518.0,2411.95,2463.5,2463.5,18095
2017-12-28,2479.0,2489.0,2415.0,2465.9,2465.9,11576
2017-12-29,2520.0,2520.0,2424.95,2438.95,2438.95,10928
2018-01-01,2475.0,2475.0,2370.0,2393.25,2393.25,6640
2018-01-02,2400.1,2431.0,2330.0,2358.4,2358.4,6876
2018-01-03,2374.0,2374.0,2303.9,2320.95,2320.95,7078
2018-01-04,2295.0,2325.0,2280.0,2288.1,2288.1,5737
2018-01-05,2294.0,2430.0,2294.0,2373.25,2373.25,16906
2018-01-08,2396.0,2429.95,2340.0,2366.1,2366.1,6570
2018-01-09,2384.0,2409.9,2340.0,2347.8,2347.8,8944
2018-01-10,2330.0,2386.1,2275.0,2306.35,2306.35,6515
2018-01-11,2327.7,2327.7,2216.0,2275.35,2275.35,34557
2018-01-12,2275.0,2520.0,2240.0,2256.8,2256.8,56798
2018-01-15,2261.0,2317.0,2242.0,2259.25,2259.25,9516
2018-01-16,2270.1,2300.0,2170.0,2198.45,2198.45,38780
2018-01-17,2198.0,2279.0,2162.05,2260.5,2260.5,9450
2018-01-18,2291.1,2300.0,2230.0,2257.55,2257.55,9816
2018-01-19,2260.0,2305.0,2220.0,2281.85,2281.85,5590
2018-01-22,2283.1,2375.0,2241.05,2255.7,2255.7,13037
2018-01-23,2240.0,2293.95,2216.05,2231.5,2231.5,4034
2018-01-24,2235.95,2276.0,2188.0,2204.0,2204.0,4862
2018-01-25,2185.0,2267.95,2180.1,2205.95,2205.95,8157
2018-01-29,2250.0,2279.0,2196.6,2262.1,2262.1,23253
2018-01-30,2275.0,2322.0,2195.0,2292.7,2292.7,59334
2018-01-31,2320.0,2320.0,2220.0,2242.1,2242.1,15036
2018-02-01,2243.0,2349.0,2234.75,2299.1,2299.1,13055
2018-02-02,2270.0,2350.0,2130.0,2198.25,2198.25,16508
2018-02-05,2150.0,2169.95,2061.0,2109.8,2109.8,9018
2018-02-06,2011.35,2149.85,1961.8,2086.45,2086.45,18519
2018-02-07,2107.25,2300.0,2107.25,2171.0,2171.0,9481
2018-02-08,2219.8,2220.0,2176.1,2212.1,2212.1,3792
2018-02-09,2208.0,2220.0,2150.0,2199.6,2199.6,3529
2018-02-12,2247.9,2275.0,2149.05,2195.5,2195.5,26065
2018-02-14,2210.0,2222.95,2135.4,2185.45,2185.45,4382
2018-02-15,2180.0,2200.0,2120.0,2140.85,2140.85,6871
2018-02-16,2162.2,2204.45,2118.65,2159.95,2159.95,19215
2018-02-19,2188.0,2220.0,2130.0,2196.6,2196.6,2168
2018-02-20,2200.05,2210.0,2125.0,2150.9,2150.9,3250
2018-02-21,2130.25,2161.2,2094.8,2109.0,2109.0,3848
2018-02-22,2128.0,2128.0,2094.85,2112.6,2112.6,870
2018-02-23,2109.9,2112.5,2086.0,2096.65,2096.65,3418
2018-02-26,2100.0,2136.7,2071.0,2088.25,2088.25,4093
2018-02-27,2109.0,2119.2,2070.0,2081.6,2081.6,4676
2018-02-28,2134.0,2134.0,2052.05,2069.05,2069.05,60268
2018-03-01,2075.05,2085.95,2010.8,2038.2,2038.2,3845
2018-03-05,2058.55,2130.0,1998.0,2099.55,2099.55,3588
2018-03-06,2100.1,2120.45,2011.2,2050.2,2050.2,41386
2018-03-07,2074.95,2392.0,2060.1,2150.35,2150.35,955478
2018-03-08,2198.4,2249.8,2165.2,2191.65,2191.65,76950
2018-03-09,2234.9,2240.0,2166.0,2199.05,2199.05,64471
2018-03-12,2221.35,2230.25,2120.0,2166.4,2166.4,9655
2018-03-13,2164.05,2182.95,2056.05,2090.2,2090.2,16203
2018-03-14,2060.0,2078.4,2016.1,2051.25,2051.25,10267
2018-03-15,2070.0,2113.95,2050.0,2085.8,2085.8,7514
2018-03-16,2061.0,2124.8,2019.0,2049.2,2049.2,408492
2018-03-19,2131.2,2149.0,2062.1,2098.75,2098.75,26922
2018-03-20,2107.75,2140.0,2080.0,2120.95,2120.95,70608
2018-03-21,2120.0,2200.0,2120.0,2171.45,2171.45,5808
2018-03-22,2200.0,2200.0,2071.0,2083.15,2083.15,6021
2018-03-23,2040.0,2225.0,2015.0,2117.0,2117.0,24364
2018-03-26,2099.95,2188.95,2084.1,2142.7,2142.7,18103
2018-03-27,2140.0,2218.0,2140.0,2197.9,2197.9,16792
2018-03-28,2171.05,2235.05,2121.0,2221.4,2221.4,81503
2018-04-02,2299.0,2367.0,2211.25,2336.45,2336.45,37204
2018-04-03,2340.0,2350.15,2290.0,2299.95,2299.95,12889
2018-04-04,2301.05,2338.85,2259.0,2282.1,2282.1,3418
2018-04-05,2304.85,2353.95,2260.05,2276.7,2276.7,8772
2018-04-06,2277.0,2304.0,2252.15,2264.6,2264.6,16072
2018-04-09,2280.0,2300.0,2211.25,2237.4,2237.4,21327
2018-04-10,2275.0,2275.0,2203.0,2218.6,2218.6,6802
2018-04-11,2250.0,2275.1,2201.2,2222.05,2222.05,10886
2018-04-12,2223.25,2272.75,2205.65,2225.0,2225.0,85250
2018-04-13,2230.95,2250.0,2186.0,2201.65,2201.65,6576
2018-04-16,2220.0,2250.0,2144.5,2150.2,2150.2,322934
2018-04-17,2170.3,2190.0,2160.0,2171.0,2171.0,60544
2018-04-18,2175.15,2257.8,2175.0,2220.0,2220.0,624226
2018-04-19,2240.0,2250.0,2155.25,2211.6,2211.6,11137
2018-04-20,2165.55,2240.0,2165.55,2204.75,2204.75,10750
2018-04-23,2239.95,2265.0,2199.0,2251.85,2251.85,10490
2018-04-24,2276.0,2498.0,2246.5,2468.75,2468.75,52962
2018-04-25,2475.0,2959.0,2430.25,2714.05,2714.05,282552
2018-04-26,2759.8,2865.0,2672.25,2725.25,2725.25,72999
2018-04-27,2756.0,2794.0,2591.0,2647.9,2647.9,29769
2018-04-30,2663.9,2809.0,2632.0,2765.25,2765.25,32376
2018-05-02,2768.0,2780.0,2681.9,2712.2,2712.2,15971
2018-05-03,2711.0,3050.0,2668.3,2940.4,2940.4,103793
2018-05-04,2899.7,3180.0,2840.0,3084.85,3084.85,134753
2018-05-07,3086.3,3086.3,2900.0,2927.75,2927.75,28919
2018-05-08,2928.0,3030.0,2883.05,2949.25,2949.25,35880
2018-05-09,2959.9,3168.0,2925.0,3089.75,3089.75,80399
2018-05-10,3100.0,3218.0,2979.45,2993.9,2993.9,47744
2018-05-11,3017.9,3044.35,2830.0,2845.5,2845.5,47382
2018-05-14,2871.0,2960.0,2752.0,2769.0,2769.0,34676
2018-05-15,2810.0,2850.0,2702.35,2752.75,2752.75,47491
2018-05-16,2749.0,2915.0,2697.0,2752.85,2752.85,160725
2018-05-17,2715.0,2919.95,2671.0,2895.0,2895.0,68810
2018-05-18,2895.0,2921.4,2735.0,2757.7,2757.7,43650
2018-05-21,2775.0,2816.75,2576.05,2707.65,2707.65,34105
2018-05-22,2701.0,2799.9,2662.1,2776.85,2776.85,25146
2018-05-23,2782.8,2827.95,2700.0,2744.55,2744.55,14924
2018-05-24,2779.95,2813.95,2728.0,2750.0,2750.0,28199
2018-05-25,2763.15,2794.35,2721.65,2744.55,2744.55,16493
2018-05-28,2760.8,2773.95,2712.35,2744.85,2744.85,32485
2018-05-29,2730.0,2735.95,2650.0,2669.9,2669.9,10332
2018-05-30,2660.0,2739.95,2626.0,2646.45,2646.45,61190
2018-05-31,2646.45,2774.0,2621.5,2723.1,2723.1,114257
2018-06-01,2742.0,2900.0,2712.2,2769.25,2769.25,30920
2018-06-04,2795.0,2875.0,2775.0,2801.2,2801.2,17979
2018-06-05,2828.0,2854.0,2610.0,2649.35,2649.35,29261
2018-06-06,2660.0,2698.0,2608.0,2633.6,2633.6,16174
2018-06-07,2650.0,2849.9,2640.0,2817.55,2817.55,24441
2018-06-08,2800.0,2901.05,2756.1,2854.9,2854.9,18676
2018-06-11,2856.1,2898.45,2830.35,2841.95,2841.95,8697
2018-06-12,2848.0,3000.0,2848.0,2933.1,2933.1,34295
2018-06-13,2950.0,3020.0,2906.0,2932.4,2932.4,20918
2018-06-14,2930.0,2996.95,2917.7,2981.4,2981.4,11808
2018-06-15,2990.0,3197.3,2990.0,3035.6,3035.6,62206
2018-06-18,3050.7,3309.9,3050.7,3248.15,3248.15,55462
2018-06-19,3295.0,3300.05,3050.4,3095.05,3095.05,58553
2018-06-20,3110.0,3291.0,3055.55,3163.15,3163.15,67779
2018-06-21,3163.0,3230.0,3125.05,3157.75,3157.75,22852
2018-06-22,3149.0,3164.75,3070.1,3137.65,3137.65,19264
2018-06-25,3106.0,3131.9,2931.9,2969.45,2969.45,28025
2018-06-26,2970.0,3102.0,2925.0,2969.95,2969.95,41714
2018-06-27,2972.5,3052.0,2972.5,2999.55,2999.55,40659
2018-06-28,3004.0,3009.55,2880.0,2906.35,2906.35,22784
2018-06-29,2920.0,2980.55,2880.0,2964.8,2964.8,23139
2018-07-02,2970.1,3030.0,2842.0,2895.9,2895.9,17195
2018-07-03,2861.0,2960.0,2840.0,2943.45,2943.45,21405
2018-07-04,2957.0,3027.0,2906.05,2977.2,2977.2,40397
2018-07-05,2984.85,2985.95,2918.0,2939.3,2939.3,7521
2018-07-06,2939.3,2978.95,2909.0,2916.55,2916.55,14713
2018-07-09,2944.95,2974.9,2881.0,2900.1,2900.1,9295
2018-07-10,2900.0,2968.35,2900.0,2945.3,2945.3,10591
2018-07-11,2959.9,2995.0,2919.45,2971.3,2971.3,19082
2018-07-12,2971.3,2980.0,2860.0,2876.05,2876.05,23611
2018-07-13,2895.0,2950.0,2870.0,2920.35,2920.35,15750
2018-07-16,2926.1,2926.15,2800.0,2853.2,2853.2,24570
2018-07-17,2808.8,2834.7,2655.0,2715.75,2715.75,26995
2018-07-18,2728.0,2767.95,2602.05,2652.15,2652.15,22870
2018-07-19,2635.0,2698.95,2619.95,2684.05,2684.05,17526
2018-07-20,2690.0,2767.65,2660.6,2736.85,2736.85,12847
2018-07-23,2759.1,2820.0,2705.15,2783.9,2783.9,8366
2018-07-24,2813.2,2869.0,2748.0,2799.55,2799.55,13715
2018-07-25,2800.0,2800.0,2651.0,2685.35,2685.35,34839
2018-07-26,2662.05,2735.0,2618.0,2645.65,2645.65,52959
2018-07-27,2672.15,2712.0,2632.6,2675.05,2675.05,15770
2018-07-30,2710.0,2738.5,2682.05,2696.4,2696.4,5959
2018-07-31,2727.95,2733.45,2660.95,2718.1,2718.1,13074
2018-08-01,2738.0,2738.0,2665.0,2709.4,2709.4,21229
2018-08-02,2727.0,2727.0,2675.05,2691.75,2691.75,4008
2018-08-03,2700.0,2708.55,2665.0,2676.45,2676.45,6324
2018-08-06,2682.0,2723.95,2625.0,2631.7,2631.7,17443
2018-08-07,2632.0,2650.0,2475.0,2492.45,2492.45,29894
2018-08-08,2518.0,2525.0,2427.4,2501.9,2501.9,11269
2018-08-09,2510.05,2555.0,2495.05,2544.1,2544.1,12121
2018-08-10,2547.0,2578.0,2514.45,2532.05,2532.05,5677
2018-08-13,2530.0,2570.0,2506.1,2552.45,2552.45,11606
2018-08-14,2574.85,2575.5,2535.0,2554.65,2554.65,6567
2018-08-16,2570.0,2598.5,2533.1,2542.65,2542.65,6630
2018-08-17,2587.0,2697.0,2560.3,2619.2,2619.2,27460
2018-08-20,2625.1,2714.95,2610.05,2634.5,2634.5,641499
2018-08-21,2699.0,2710.0,2572.0,2618.8,2618.8,31972
2018-08-23,2668.0,2699.0,2620.0,2644.9,2644.9,16814
2018-08-24,2645.55,2660.0,2630.0,2639.7,2639.7,9105
2018-08-27,2625.0,2719.0,2578.0,2688.3,2688.3,19361
2018-08-28,2670.0,2696.0,2635.0,2636.9,2636.9,8789
2018-08-29,2636.0,2662.4,2626.05,2637.75,2637.75,6525
2018-08-30,2639.5,2687.95,2481.0,2519.5,2519.5,104798
2018-08-31,2480.0,2619.45,2469.95,2598.25,2598.25,40650
2018-09-03,2602.95,2611.95,2549.95,2553.05,2553.05,18643
2018-09-04,2551.0,2583.95,2530.2,2550.65,2550.65,6282
2018-09-05,2536.0,2564.75,2500.1,2546.1,2546.1,9781
2018-09-06,2525.0,2541.35,2502.0,2510.2,2510.2,5569
2018-09-07,2486.0,2532.9,2482.25,2523.6,2523.6,5787
2018-09-10,2525.0,2542.8,2471.4,2491.55,2491.55,17071
2018-09-11,2518.0,2525.0,2490.75,2514.7,2514.7,10903
2018-09-12,2490.0,2516.85,2440.0,2458.5,2458.5,6823
2018-09-14,2461.0,2515.0,2433.65,2489.9,2489.9,12384
2018-09-17,2450.0,2549.05,2450.0,2520.25,2520.25,8982
2018-09-18,2470.0,2548.0,2470.0,2520.15,2520.15,77963
2018-09-19,2514.85,2533.1,2475.0,2487.05,2487.05,3454
2018-09-21,2499.0,2580.0,1989.65,2546.2,2546.2,22612
2018-09-24,2530.0,2570.0,2405.75,2534.45,2534.45,18218
2018-09-25,2490.0,2566.0,2445.55,2527.4,2527.4,7926
2018-09-26,2547.0,2547.0,2471.0,2490.35,2490.35,8045
2018-09-27,2485.55,2513.45,2424.25,2487.95,2487.95,7440
2018-09-28,2487.3,2524.0,2314.9,2465.05,2465.05,19713
2018-10-01,2415.7,2460.0,2309.0,2353.7,2353.7,38172
2018-10-03,2350.0,2400.0,2332.0,2342.2,2342.2,25979
2018-10-04,2325.1,2352.95,2150.25,2197.85,2197.85,31734
2018-10-05,2219.0,2348.95,2155.05,2304.7,2304.7,21916
2018-10-08,2300.0,2304.75,2200.0,2278.9,2278.9,23358
2018-10-09,2300.0,2300.0,2158.75,2225.4,2225.4,18446
2018-10-10,2240.0,2442.45,2231.05,2406.35,2406.35,8693
2018-10-11,2320.0,2449.9,2270.0,2419.25,2419.25,8516
2018-10-12,2421.4,2500.0,2350.0,2473.95,2473.95,15607
2018-10-15,2480.0,2499.75,2385.1,2411.45,2411.45,26489
2018-10-16,2423.85,2474.8,2400.5,2445.2,2445.2,17053
2018-10-17,2445.05,2445.05,2385.0,2405.65,2405.65,6299
2018-10-19,2398.3,2443.0,2340.0,2415.4,2415.4,13055
2018-10-22,2394.5,2475.1,2359.85,2449.4,2449.4,12348
2018-10-23,2370.65,2447.3,2370.65,2417.75,2417.75,2428
2018-10-24,2395.5,2460.0,2381.45,2451.85,2451.85,7443
2018-10-25,2432.1,2512.0,2404.45,2481.1,2481.1,5887
2018-10-26,2458.25,2570.0,2403.55,2514.2,2514.2,8274
2018-10-29,2525.0,2525.0,2416.45,2471.45,2471.45,10124
2018-10-30,2500.0,2570.0,2430.0,2541.7,2541.7,6102
2018-10-31,2575.0,2614.95,2489.35,2568.0,2568.0,11308
2018-11-01,2575.0,2625.0,2545.0,2602.55,2602.55,8683
2018-11-02,2646.8,2666.0,2578.15,2652.35,2652.35,6108
2018-11-05,2655.05,2700.0,2624.55,2666.6,2666.6,2383
2018-11-06,2650.1,2691.2,2650.0,2679.05,2679.05,3241
2018-11-07,2698.0,2698.0,2650.0,2683.75,2683.75,322
2018-11-09,2660.0,2710.0,2652.85,2689.85,2689.85,2893
2018-11-12,2650.0,2878.0,2650.0,2829.0,2829.0,38245
2018-11-13,2800.0,2852.2,2760.0,2802.95,2802.95,11836
2018-11-14,2781.0,2798.0,2765.0,2786.6,2786.6,2793
2018-11-15,2780.0,2810.0,2780.0,2807.75,2807.75,2205
2018-11-16,2794.9,2798.0,2760.45,2781.15,2781.15,2921
2018-11-19,2814.8,2814.8,2760.1,2780.6,2780.6,4335
2018-11-20,2775.4,2810.0,2759.2,2804.2,2804.2,5943
2018-11-21,2802.4,2804.0,2761.1,2780.55,2780.55,4042
2018-11-22,2780.55,2800.0,2770.05,2788.4,2788.4,14443
2018-11-26,2770.0,2789.9,2750.95,2774.45,2774.45,2710
2018-11-27,2774.45,2823.75,2774.45,2793.45,2793.45,11529
2018-11-28,2793.45,2819.7,2771.1,2798.95,2798.95,2189
2018-11-29,2809.0,2848.1,2788.0,2806.9,2806.9,23652
2018-11-30,2798.0,2874.0,2794.85,2835.5,2835.5,15131
2018-12-03,2800.05,3000.0,2800.0,2961.1,2961.1,25788
2018-12-04,2962.0,3057.8,2962.0,3016.9,3016.9,26931
2018-12-05,3000.0,3014.9,2955.0,2961.1,2961.1,4739
2018-12-06,2905.0,2993.55,2825.0,2891.0,2891.0,16120
2018-12-07,2914.15,2925.0,2840.5,2874.6,2874.6,4929
2018-12-10,2871.65,2888.0,2788.0,2875.2,2875.2,7115
2018-12-11,2760.0,2875.8,2760.0,2852.6,2852.6,20667
2018-12-12,2847.2,2924.5,2840.0,2850.8,2850.8,4953
2018-12-13,2879.65,2900.0,2839.0,2856.4,2856.4,2947
2018-12-14,2840.0,2897.7,2840.0,2865.8,2865.8,3001
2018-12-17,2899.0,2907.7,2826.45,2877.4,2877.4,2958
2018-12-18,2877.4,2910.0,2813.0,2887.5,2887.5,13520
2018-12-19,2900.0,2950.0,2900.0,2933.9,2933.9,8359
2018-12-20,2933.9,2984.9,2825.0,2910.9,2910.9,17814
2018-12-21,2910.9,2910.9,2850.1,2900.1,2900.1,4403
2018-12-24,2928.0,2928.0,2860.05,2870.15,2870.15,2758
2018-12-26,2861.35,2870.05,2790.0,2825.1,2825.1,7009
2018-12-27,2852.0,2874.95,2837.15,2846.95,2846.95,1719
2018-12-28,2844.0,2865.0,2805.05,2852.45,2852.45,62341
2018-12-31,2853.0,2893.0,2848.25,2863.7,2863.7,48072
2019-01-01,2872.65,2879.45,2775.35,2827.65,2827.65,1144
2019-01-02,2827.65,2890.0,2827.65,2858.15,2858.15,58440
2019-01-03,2870.45,2929.0,2850.1,2883.7,2883.7,10600
2019-01-04,2880.2,2887.6,2821.0,2837.2,2837.2,2684
2019-01-07,2878.65,2913.6,2813.95,2883.95,2883.95,7402
2019-01-08,2889.9,2889.9,2800.0,2817.9,2817.9,6214
2019-01-09,2814.0,2814.9,2741.0,2786.6,2786.6,5184
2019-01-10,2787.85,2851.6,2754.05,2820.25,2820.25,5699
2019-01-11,2821.35,2825.0,2740.0,2758.65,2758.65,3625
2019-01-14,2771.2,2979.0,2640.0,2859.6,2859.6,11931
2019-01-15,2910.0,2910.0,2821.0,2857.05,2857.05,4568
2019-01-16,2832.5,2861.9,2760.0,2776.5,2776.5,6401
2019-01-17,2788.9,2797.0,2730.1,2748.55,2748.55,2713
2019-01-18,2750.15,2766.5,2681.15,2698.4,2698.4,2559
2019-01-21,2671.4,2712.5,2659.7,2669.15,2669.15,2434
2019-01-22,2656.05,2690.0,2502.0,2622.05,2622.05,13859
2019-01-23,2622.0,2717.35,2622.0,2706.75,2706.75,5248
2019-01-24,2710.0,2731.0,2660.15,2683.6,2683.6,9867
2019-01-25,2680.0,2719.95,2550.0,2621.95,2621.95,10660
2019-01-28,2623.0,2659.7,2516.55,2630.75,2630.75,7530
2019-01-29,2591.35,2635.0,2501.1,2558.25,2558.25,11246
2019-01-30,2575.25,2615.0,2499.8,2588.7,2588.7,9523
2019-01-31,2619.0,2670.35,2611.6,2649.65,2649.65,14001
2019-02-01,2684.0,2789.85,2684.0,2727.65,2727.65,23420
2019-02-04,2710.05,2800.0,2710.05,2747.55,2747.55,6888
2019-02-05,2770.0,2781.2,2724.85,2744.0,2744.0,2902
2019-02-06,2775.0,2800.05,2740.05,2799.25,2799.25,12779
2019-02-07,2799.25,2834.65,2790.0,2823.6,2823.6,24526
2019-02-08,2844.0,2844.0,2725.0,2766.8,2766.8,3944
2019-02-11,2820.0,2826.0,2652.8,2800.15,2800.15,18510
2019-02-12,2790.0,2880.0,2781.5,2840.4,2840.4,26110
2019-02-14,2925.0,2941.45,2870.8,2919.3,2919.3,11834
2019-02-15,2919.3,2975.4,2860.0,2898.2,2898.2,14192
2019-02-18,2920.0,3055.1,2869.7,3029.05,3029.05,24695
2019-02-19,3035.0,3210.0,3035.0,3105.55,3105.55,33029
2019-02-20,3130.4,3160.0,3080.0,3095.7,3095.7,24324
2019-02-21,3100.0,3136.4,3075.0,3094.95,3094.95,12058
2019-02-22,3075.0,3142.0,3075.0,3132.2,3132.2,10805
2019-02-25,3115.05,3170.0,3081.25,3112.25,3112.25,8589
2019-02-26,3090.0,3128.0,2997.95,3098.25,3098.25,31944
2019-02-27,3105.0,3119.95,2885.0,2916.05,2916.05,45904
2019-02-28,2916.05,2978.85,2820.0,2852.0,2852.0,36375
2019-03-01,2850.0,2897.0,2830.0,2855.65,2855.65,12808
2019-03-05,2850.0,2873.9,2775.0,2849.55,2849.55,27592
2019-03-06,2865.0,3020.5,2865.0,2964.2,2964.2,33425
2019-03-07,2993.05,3030.0,2970.0,3021.4,3021.4,29808
2019-03-08,3020.0,3049.5,2940.0,2976.45,2976.45,33267
2019-03-11,2986.0,3057.0,2955.05,3024.2,3024.2,17807
2019-03-12,3010.0,3025.0,2940.25,2978.95,2978.95,33747
2019-03-13,2978.95,3027.25,2950.55,2974.3,2974.3,15112
2019-03-14,2963.0,2971.0,2828.05,2862.75,2862.75,11758
2019-03-15,2900.0,2985.0,2702.7,2828.0,2828.0,142084
2019-03-18,2788.0,2840.0,2770.0,2807.35,2807.35,9863
2019-03-19,2782.0,2953.65,2774.75,2904.05,2904.05,44481
2019-03-20,2949.0,2949.0,2895.0,2906.65,2906.65,7034
2019-03-22,2922.0,3009.8,2880.8,3000.1,3000.1,33171
2019-03-25,2990.0,3007.95,2938.85,2971.1,2971.1,13165
2019-03-26,2975.05,3010.0,2953.2,2973.25,2973.25,10810
2019-03-27,2999.0,3049.8,2960.65,3013.25,3013.25,19656
2019-03-28,3003.0,3045.0,2974.55,3021.45,3021.45,10232
2019-04-01,3026.0,3075.55,3004.55,3059.4,3059.4,33922
2019-04-02,3059.4,3070.05,3001.1,3025.65,3025.65,32623
2019-04-03,3025.0,3169.9,3011.0,3027.2,3027.2,35811
2019-04-04,3043.0,3073.0,2965.0,3051.9,3051.9,18806
2019-04-05,3040.0,3090.0,2995.0,3031.1,3031.1,7810
2019-04-08,3035.05,3055.45,2982.1,2998.0,2998.0,6005
2019-04-09,2985.0,3007.65,2960.15,2969.15,2969.15,3328
2019-04-10,2968.85,2993.95,2951.0,2956.4,2956.4,2262
2019-04-11,2950.05,2974.4,2895.0,2907.1,2907.1,27467
2019-04-12,2907.1,2946.85,2900.4,2920.85,2920.85,15425
2019-04-15,2934.45,2939.0,2906.2,2923.95,2923.95,1543
2019-04-16,2949.95,3019.0,2912.85,3003.1,3003.1,7175
2019-04-18,3019.0,3029.0,2936.3,2968.75,2968.75,43250
2019-04-22,2970.0,2997.3,2890.0,2960.65,2960.65,8914
2019-04-23,2954.0,2984.25,2921.0,2936.9,2936.9,3377
2019-04-24,2944.95,2991.75,2944.95,2981.5,2981.5,2607
2019-04-25,2981.5,2997.95,2950.1,2975.4,2975.4,4784
2019-04-26,2971.2,3005.15,2951.0,2997.95,2997.95,7001
2019-04-30,2998.05,2998.05,2922.55,2968.05,2968.05,8888
2019-05-02,2957.05,3027.0,2925.0,3002.85,3002.85,17106
2019-05-03,3002.85,3030.25,2964.2,3017.8,3017.8,3621
2019-05-06,3008.0,3009.95,2960.0,2979.5,2979.5,19918
2019-05-07,2982.0,2988.8,2930.0,2941.5,2941.5,3234
2019-05-08,2939.65,2939.7,2881.05,2900.0,2900.0,2550
2019-05-09,2922.35,2939.85,2890.0,2922.9,2922.9,2441
2019-05-10,2924.65,2960.05,2865.0,2944.8,2944.8,28250
2019-05-13,2914.0,2955.0,2830.0,2901.45,2901.45,23853
2019-05-14,2888.0,2930.0,2830.3,2889.2,2889.2,33199
2019-05-15,2914.0,2914.0,2842.0,2857.65,2857.65,4499
2019-05-16,2849.0,2880.8,2752.25,2857.85,2857.85,17737
2019-05-17,2850.0,2850.0,2801.0,2826.5,2826.5,6108
2019-05-20,2910.0,2940.0,2841.05,2928.55,2928.55,19088
2019-05-21,2929.0,2935.4,2801.1,2901.6,2901.6,19706
2019-05-22,2887.45,2919.0,2747.6,2835.75,2835.75,22476
2019-05-23,2917.3,2917.3,2825.0,2838.05,2838.05,8723
2019-05-24,2836.45,2890.0,2815.55,2873.2,2873.2,2328
2019-05-27,2875.0,2945.0,2830.55,2933.05,2933.05,4768
2019-05-28,2933.05,3189.9,2928.7,3086.25,3086.25,11436
2019-05-29,3120.0,3199.35,2940.75,2977.2,2977.2,11077
2019-05-30,3014.95,3015.0,2921.0,2969.0,2969.0,8336
2019-05-31,2974.6,3026.45,2954.75,3000.55,3000.55,26878
2019-06-03,3030.0,3030.0,2975.05,3010.65,3010.65,14030
2019-06-04,3028.0,3028.0,2940.1,2958.6,2958.6,73659
2019-06-06,2961.05,2965.0,2861.0,2954.2,2954.2,31920
2019-06-07,2975.0,2975.0,2875.05,2926.1,2926.1,16468
2019-06-10,2975.0,2975.0,2841.1,2859.6,2859.6,5746
2019-06-11,2859.6,2902.1,2859.6,2885.25,2885.25,23406
2019-06-12,2865.0,2958.9,2853.05,2949.85,2949.85,34847
2019-06-13,2910.0,3038.85,2856.05,2987.7,2987.7,35288
2019-06-14,3009.9,3120.0,2974.0,3099.1,3099.1,33667
2019-06-17,3100.0,3155.95,3025.0,3048.75,3048.75,23807
2019-06-18,3073.0,3073.0,2980.0,2999.85,2999.85,3239
2019-06-19,3016.0,3040.45,2912.1,2971.7,2971.7,22614
2019-06-20,2964.05,2998.0,2920.15,2956.8,2956.8,29721
2019-06-21,2942.0,3000.0,2910.05,2977.75,2977.75,5637
2019-06-24,2977.0,3015.0,2927.0,2995.85,2995.85,5942
2019-06-25,2995.85,2997.2,2960.0,2971.75,2971.75,16823
2019-06-26,2966.35,2980.7,2928.05,2944.5,2944.5,3621
2019-06-27,2940.0,2980.0,2920.0,2939.65,2939.65,5590
2019-06-28,2929.0,2986.0,2882.0,2945.7,2945.7,17519
2019-07-01,2935.0,3049.75,2935.0,3016.2,3016.2,45347
2019-07-02,3033.35,3096.0,2955.0,3045.1,3045.1,34746
2019-07-03,3015.0,3096.45,3015.0,3078.7,3078.7,8323
2019-07-04,3084.0,3121.0,3031.6,3061.1,3061.1,13790
2019-07-05,3099.0,3099.0,2984.3,3033.15,3033.15,5438
2019-07-08,3033.15,3040.0,2967.05,3000.0,3000.0,9256
2019-07-09,2990.0,3030.35,2960.15,3000.9,3000.9,12653
2019-07-10,2999.0,3007.95,2976.3,2985.95,2985.95,1963
2019-07-11,2980.0,3046.0,2954.0,2977.15,2977.15,4288
2019-07-12,3014.85,3029.0,2981.0,2994.8,2994.8,11346
2019-07-15,3029.0,3041.0,2956.0,2966.45,2966.45,12073
2019-07-16,2965.05,3018.65,2935.0,2999.65,2999.65,8109
2019-07-17,2981.9,3009.95,2937.55,2996.7,2996.7,26066
2019-07-18,2985.3,3010.0,2981.0,2997.75,2997.75,6051
2019-07-19,2997.0,2999.8,2931.0,2945.9,2945.9,4231
2019-07-22,2900.0,2950.0,2780.0,2900.3,2900.3,18086
2019-07-23,2852.25,2919.0,2811.7,2889.75,2889.75,19107
2019-07-24,2860.45,2875.45,2737.9,2809.9,2809.9,24796
2019-07-25,2849.95,2850.0,2774.2,2799.6,2799.6,6334
2019-07-26,2805.0,2841.8,2781.2,2812.6,2812.6,2541
2019-07-29,2760.0,2779.25,2628.9,2673.35,2673.35,22188
2019-07-30,2670.0,2700.0,2631.05,2674.85,2674.85,13519
2019-07-31,2695.0,2702.75,2646.0,2668.7,2668.7,4999
2019-08-01,2659.0,2710.05,2659.0,2699.45,2699.45,15004
2019-08-02,2674.0,2698.0,2645.0,2663.3,2663.3,2669
2019-08-05,2670.0,2674.0,2600.0,2652.85,2652.85,5722
2019-08-06,2617.0,2699.0,2617.0,2685.15,2685.15,1551
2019-08-07,2685.0,2710.0,2672.55,2685.4,2685.4,2316
2019-08-08,2685.4,2700.0,2666.05,2679.5,2679.5,1378
2019-08-09,2698.0,2710.0,2675.0,2692.85,2692.85,2911
2019-08-13,2699.0,2706.2,2615.0,2638.7,2638.7,1296
2019-08-14,2686.15,2686.15,2560.3,2593.55,2593.55,3748
2019-08-16,2565.0,2591.1,2490.0,2508.25,2508.25,5690
2019-08-19,2510.0,2529.9,2410.0,2457.4,2457.4,43708
2019-08-20,2494.9,2494.9,2370.0,2438.4,2438.4,23832
2019-08-21,2450.0,2457.5,2385.0,2417.1,2417.1,22991
2019-08-22,2399.55,2429.75,2371.0,2413.8,2413.8,3935
2019-08-23,2392.05,2517.0,2378.0,2497.4,2497.4,44998
2019-08-26,2564.0,2587.0,2410.95,2570.1,2570.1,9757
2019-08-27,2570.1,2639.0,2555.15,2615.35,2615.35,4750
2019-08-28,2650.0,2732.0,2623.4,2719.4,2719.4,3792
2019-08-29,2680.05,2764.0,2680.0,2732.7,2732.7,2636
2019-08-30,2744.95,2748.0,2685.1,2715.2,2715.2,4221
2019-09-03,2715.2,2724.25,2630.0,2673.95,2673.95,16714
2019-09-04,2702.0,2722.0,2655.0,2708.3,2708.3,58324
2019-09-05,2748.95,2896.0,2726.65,2823.7,2823.7,11500
2019-09-06,2844.0,2875.0,2820.0,2860.0,2860.0,4208
2019-09-09,2860.0,2889.6,2805.0,2857.55,2857.55,56903
2019-09-11,2869.0,2877.0,2740.0,2758.9,2758.9,60235
2019-09-12,2778.0,2815.0,2740.05,2786.35,2786.35,7247
2019-09-13,2765.0,2814.85,2765.0,2800.6,2800.6,2964
2019-09-16,2799.9,2825.0,2762.0,2777.9,2777.9,13917
2019-09-17,2765.0,2784.9,2701.9,2745.25,2745.25,6120
2019-09-18,2757.7,2772.0,2682.55,2751.15,2751.15,5065
2019-09-19,2723.0,2727.9,2680.9,2707.7,2707.7,1701
2019-09-20,2732.0,2849.85,2685.0,2784.25,2784.25,10259
2019-09-23,2820.0,2925.0,2815.05,2893.1,2893.1,5575
2019-09-24,2893.1,3170.0,2893.1,2949.75,2949.75,33474
2019-09-25,2955.0,3028.35,2905.65,2923.7,2923.7,22874
2019-09-26,2944.35,2979.95,2940.0,2961.6,2961.6,2996
2019-09-27,3095.0,3095.0,2942.0,2975.45,2975.45,9363
2019-09-30,2985.0,3054.0,2930.9,3024.95,3024.95,11767
2019-10-01,3001.35,3030.0,2910.1,3000.6,3000.6,5460
2019-10-03,3000.0,3024.0,2901.5,3012.4,3012.4,11418
2019-10-04,3001.4,3070.0,2921.4,3016.55,3016.55,7571
2019-10-07,3001.4,3120.0,2940.15,3028.25,3028.25,6490
2019-10-09,2985.0,3048.8,2965.2,3013.5,3013.5,15377
2019-10-10,3013.5,3185.05,2993.1,3124.35,3124.35,12716
2019-10-11,3120.0,3127.05,3061.1,3083.9,3083.9,15287
2019-10-14,3080.0,3140.8,3047.3,3070.0,3070.0,2314
2019-10-15,3060.3,3166.45,3049.25,3135.95,3135.95,3540
2019-10-16,3155.0,3161.95,3100.1,3128.45,3128.45,2719
2019-10-17,3105.0,3200.0,3093.05,3165.5,3165.5,4923
2019-10-18,3147.3,3174.15,3010.1,3063.05,3063.05,8461
2019-10-22,3035.0,3076.35,2990.05,3041.4,3041.4,8733
2019-10-23,3048.4,3051.0,2984.1,3016.25,3016.25,9266
2019-10-24,3019.65,3059.95,2972.0,3016.65,3016.65,16775
2019-10-25,3017.0,3017.0,2926.25,2973.2,2973.2,9817
2019-10-29,2956.05,2984.85,2815.1,2862.3,2862.3,23754
2019-10-30,2848.0,2900.0,2830.0,2884.75,2884.75,5503
2019-10-31,2886.0,3010.0,2886.0,2945.65,2945.65,9846
2019-11-01,2925.35,2982.3,2860.0,2885.7,2885.7,92134
2019-11-04,2888.0,2976.7,2821.0,2844.65,2844.65,5984
2019-11-05,2894.0,2894.35,2770.0,2824.1,2824.1,7131
2019-11-06,2824.1,2888.25,2765.95,2844.35,2844.35,6933
2019-11-07,2845.0,2906.95,2818.25,2871.15,2871.15,9118
2019-11-08,2894.0,2898.4,2739.95,2791.3,2791.3,14041
2019-11-11,2749.0,2749.05,2563.0,2591.65,2591.65,69968
2019-11-13,2591.0,2605.0,2422.0,2507.65,2507.65,30622
2019-11-14,2507.65,2507.65,2400.0,2418.75,2418.75,76636
2019-11-15,2450.0,2489.0,2406.2,2455.75,2455.75,73652
2019-11-18,2480.0,2595.0,2480.0,2585.35,2585.35,15282
2019-11-19,2601.0,2620.0,2521.0,2556.9,2556.9,50127
2019-11-20,2579.55,2580.1,2450.0,2466.95,2466.95,32933
2019-11-21,2486.7,2540.0,2454.9,2468.55,2468.55,12457
2019-11-22,2499.0,2524.4,2457.75,2499.85,2499.85,9390
2019-11-25,2532.3,2594.6,2483.0,2565.65,2565.65,7313
2019-11-26,2609.0,2609.0,2499.95,2586.9,2586.9,21207
2019-11-27,2590.0,2590.0,2452.65,2496.0,2496.0,20564
2019-11-28,2525.0,2539.0,2453.05,2506.6,2506.6,14540
2019-11-29,2538.0,2538.0,2461.1,2499.1,2499.1,24344
2019-12-02,2465.0,2497.0,2432.0,2449.65,2449.65,26579
2019-12-03,2452.0,2476.2,2385.0,2400.45,2400.45,26383
2019-12-04,2383.0,2406.2,2355.0,2383.45,2383.45,28570
2019-12-05,2385.1,2480.0,2356.05,2438.5,2438.5,35997
2019-12-06,2458.0,2465.0,2349.05,2375.95,2375.95,16908
2019-12-09,2361.05,2380.0,2300.0,2341.0,2341.0,21335
2019-12-10,2378.0,2378.9,2305.95,2326.8,2326.8,26987
2019-12-11,2325.95,2345.1,2281.35,2295.1,2295.1,14194
2019-12-12,2339.95,2397.0,2290.05,2384.05,2384.05,20041
2019-12-13,2407.0,2429.85,2375.05,2421.25,2421.25,5274
2019-12-16,2449.95,2449.95,2365.5,2431.0,2431.0,6697
2019-12-17,2415.05,2490.0,2407.55,2475.95,2475.95,6002
2019-12-18,2480.0,2485.0,2440.0,2461.95,2461.95,2287
2019-12-19,2441.0,2493.85,2438.3,2487.45,2487.45,9432
2019-12-20,2467.0,2520.0,2460.0,2466.8,2466.8,6003
2019-12-23,2465.0,2498.7,2425.6,2484.0,2484.0,91601
2019-12-24,2480.0,2517.0,2457.5,2504.4,2504.4,19969
2019-12-26,2514.95,2529.85,2480.0,2483.4,2483.4,17230
2019-12-27,2485.0,2540.0,2485.0,2524.35,2524.35,19250
2019-12-30,2511.0,2528.9,2481.5,2498.2,2498.2,26158
2019-12-31,2501.2,2501.2,2467.55,2479.85,2479.85,16200
2020-01-01,2482.45,2510.0,2475.0,2478.5,2478.5,7482
2020-01-02,2475.0,2543.9,2475.0,2503.55,2503.55,11553
2020-01-03,2539.0,2539.0,2480.0,2487.05,2487.05,6459
2020-01-06,2490.0,2497.9,2455.0,2476.6,2476.6,7977
2020-01-07,2477.0,2550.0,2477.0,2537.15,2537.15,68249
2020-01-08,2485.05,2664.2,2485.05,2598.8,2598.8,24087
2020-01-09,2645.6,2666.0,2585.0,2601.4,2601.4,21931
2020-01-10,2615.75,2720.0,2592.85,2641.95,2641.95,29217
2020-01-13,2690.0,2690.0,2649.4,2676.5,2676.5,5016
2020-01-14,2680.05,2780.0,2668.05,2743.2,2743.2,13271
2020-01-15,2744.25,2793.6,2744.25,2759.9,2759.9,9210
2020-01-16,2712.0,2769.7,2705.2,2725.0,2725.0,38575
2020-01-17,2750.0,2813.95,2721.0,2802.1,2802.1,43559
2020-01-20,2815.0,2820.0,2750.0,2799.55,2799.55,7936
2020-01-21,2783.25,2790.95,2717.0,2731.0,2731.0,38354
2020-01-22,2780.0,2780.0,2639.1,2693.15,2693.15,20719
2020-01-23,2650.0,2750.0,2605.15,2733.9,2733.9,21760
2020-01-24,2750.0,2750.0,2676.5,2736.15,2736.15,27661
2020-01-27,2789.85,2880.0,2651.05,2680.95,2680.95,42320
2020-01-28,2702.4,2745.0,2531.3,2598.45,2598.45,125304
2020-01-29,2606.0,2607.2,2501.0,2526.8,2526.8,31560
2020-01-30,2530.0,2530.25,2477.05,2525.05,2525.05,10183
2020-01-31,2510.0,2599.0,2510.0,2585.25,2585.25,36640
2020-02-03,2480.45,2542.95,2451.0,2473.75,2473.75,71642
2020-02-04,2498.95,2510.8,2451.1,2485.0,2485.0,13836
2020-02-05,2510.0,2510.0,2437.05,2450.95,2450.95,43277
2020-02-06,2470.0,2470.0,2425.0,2439.65,2439.65,12463
2020-02-07,2470.0,2470.0,2375.0,2379.15,2379.15,53631
2020-02-10,2387.7,2387.7,2256.05,2354.15,2354.15,42900
2020-02-11,2390.0,2414.8,2305.0,2345.1,2345.1,19752
2020-02-12,2390.0,2400.0,2331.9,2371.55,2371.55,5092
2020-02-13,2380.0,2422.0,2365.95,2400.85,2400.85,20947
2020-02-14,2413.0,2437.0,2350.0,2365.7,2365.7,35758
2020-02-17,2352.75,2378.0,2283.2,2359.65,2359.65,14495
2020-02-18,2363.6,2498.0,2338.15,2438.7,2438.7,77715
2020-02-19,2480.0,2480.0,2395.15,2443.7,2443.7,9290
2020-02-20,2475.0,2507.0,2430.05,2469.7,2469.7,13034
2020-02-24,2450.0,2472.0,2410.05,2430.45,2430.45,9986
2020-02-25,2425.0,2440.05,2396.55,2405.5,2405.5,51576
2020-02-26,2394.25,2407.15,2331.0,2370.7,2370.7,19148
2020-02-27,2368.65,2400.0,2312.9,2385.85,2385.85,3970
2020-02-28,2322.0,2424.8,2301.25,2321.95,2321.95,22581
2020-03-02,2354.65,2420.0,2284.4,2316.65,2316.65,19124
2020-03-03,2344.95,2405.0,2327.55,2387.6,2387.6,3313
2020-03-04,2388.7,2404.95,2349.65,2369.6,2369.6,33006
2020-03-05,2359.95,2397.95,2350.0,2367.35,2367.35,5606
2020-03-06,2280.0,2379.1,2168.3,2350.8,2350.8,20673
2020-03-09,2306.0,2361.3,2272.05,2332.65,2332.65,10995
2020-03-11,2331.9,2400.8,2305.3,2391.55,2391.55,13464
2020-03-12,2340.0,2350.0,2193.05,2331.65,2331.65,16410
2020-03-13,2202.0,2643.4,2100.0,2314.4,2314.4,25664
2020-03-16,2300.0,2300.0,2126.05,2199.25,2199.25,19621
2020-03-17,2135.05,2207.3,2105.0,2143.8,2143.8,47028
2020-03-18,2149.35,2264.95,1853.45,1925.8,1925.8,10552
2020-03-19,1801.1,1985.45,1708.5,1902.45,1902.45,17424
2020-03-20,1852.45,1994.0,1840.1,1962.0,1962.0,10324
2020-03-23,1740.0,1884.1,1572.0,1618.9,1618.9,47515
2020-03-24,1591.0,1751.0,1499.85,1661.95,1661.95,46947
2020-03-25,1415.35,1734.55,1415.35,1672.55,1672.55,14968
2020-03-26,1696.5,1797.55,1659.2,1690.25,1690.25,7077
2020-03-27,1748.0,1798.8,1502.0,1537.8,1537.8,8244
2020-03-30,1521.5,1585.25,1460.05,1502.35,1502.35,12722
2020-03-31,1511.2,1802.8,1426.0,1627.1,1627.1,40573
2020-04-01,1627.0,1639.95,1492.5,1549.45,1549.45,9340
2020-04-03,1549.0,1571.7,1506.7,1535.35,1535.35,9571
2020-04-07,1535.0,1579.95,1501.0,1544.55,1544.55,19228
2020-04-08,1554.95,1639.05,1520.1,1539.5,1539.5,5294
2020-04-09,1550.0,1585.0,1520.0,1529.5,1529.5,28369
2020-04-13,1555.0,1635.0,1530.0,1546.75,1546.75,18872
2020-04-15,1589.0,1698.0,1555.15,1637.5,1637.5,24077
2020-04-16,1635.0,1635.0,1571.25,1584.35,1584.35,19485
2020-04-17,1625.0,1654.35,1602.0,1623.45,1623.45,14675
2020-04-20,1649.95,1700.0,1636.1,1681.95,1681.95,21584
2020-04-21,1680.95,1694.4,1615.0,1670.35,1670.35,33336
2020-04-22,1650.9,1678.1,1590.0,1612.25,1612.25,29691
2020-04-23,1640.0,1730.0,1602.1,1650.3,1650.3,21550
2020-04-24,1650.0,1650.0,1590.0,1601.0,1601.0,3424
2020-04-27,1620.05,1640.25,1521.9,1530.5,1530.5,21060
2020-04-28,1567.0,1567.0,1517.05,1550.1,1550.1,13777
2020-04-29,1564.95,1578.4,1550.0,1553.7,1553.7,4554
2020-04-30,1600.0,1628.0,1557.05,1599.5,1599.5,9187
2020-05-04,1565.0,1623.95,1530.0,1602.7,1602.7,10171
2020-05-05,1602.0,1624.25,1562.0,1588.8,1588.8,24275
2020-05-06,1552.0,1581.0,1550.0,1559.5,1559.5,1587
2020-05-07,1560.0,1595.0,1560.0,1564.3,1564.3,1173
2020-05-08,1579.95,1582.65,1551.0,1559.6,1559.6,1043
2020-05-11,1580.0,1580.0,1535.05,1539.15,1539.15,1713
2020-05-12,1551.0,1551.0,1501.6,1507.1,1507.1,2840
2020-05-13,1550.0,1588.0,1490.0,1495.75,1495.75,28367
2020-05-14,1490.0,1549.95,1459.4,1486.6,1486.6,6701
2020-05-15,1486.6,1504.7,1474.55,1480.6,1480.6,2642
2020-05-18,1515.0,1515.0,1420.0,1484.8,1484.8,6859
2020-05-19,1488.0,1494.25,1466.6,1480.0,1480.0,11257
2020-05-20,1480.05,1565.95,1476.85,1533.7,1533.7,14927
2020-05-21,1530.0,1560.0,1505.0,1514.85,1514.85,8099
2020-05-22,1537.0,1537.0,1515.0,1521.7,1521.7,1439
2020-05-26,1501.0,1518.95,1490.15,1497.35,1497.35,12903
2020-05-27,1523.0,1523.0,1461.1,1480.15,1480.15,16380
2020-05-28,1499.95,1504.9,1478.0,1486.75,1486.75,4679
2020-05-29,1480.0,1498.9,1475.0,1483.45,1483.45,8317
2020-06-01,1486.0,1633.9,1472.65,1498.7,1498.7,51711
2020-06-02,1524.0,1610.0,1518.0,1594.65,1594.65,16400
2020-06-03,1660.0,1913.55,1611.7,1789.3,1789.3,105537
2020-06-04,1834.9,1885.0,1749.05,1786.55,1786.55,28654
2020-06-05,1809.9,1830.0,1745.75,1756.15,1756.15,12157
2020-06-08,1798.95,1800.0,1717.95,1731.2,1731.2,14887
2020-06-09,1731.2,1849.4,1725.0,1790.15,1790.15,45924
2020-06-10,1780.0,1782.0,1673.85,1725.95,1725.95,51297
2020-06-11,1728.0,1749.95,1697.0,1703.35,1703.35,23934
2020-06-12,1675.0,1717.25,1652.35,1682.1,1682.1,23526
2020-06-15,1712.0,1727.0,1670.0,1681.15,1681.15,5069
2020-06-16,1682.0,1726.0,1657.75,1664.95,1664.95,6359
2020-06-17,1665.0,1825.0,1660.05,1786.5,1786.5,82425
2020-06-18,1776.75,1874.0,1750.0,1767.9,1767.9,34779
2020-06-19,1775.0,1824.8,1735.2,1744.2,1744.2,25577
2020-06-22,1772.0,1784.95,1720.0,1737.45,1737.45,9664
2020-06-23,1765.0,1765.0,1716.9,1726.75,1726.75,35665
2020-06-24,1725.1,1743.0,1710.0,1714.6,1714.6,25487
2020-06-25,1681.0,1739.95,1681.0,1721.9,1721.9,20766
2020-06-26,1720.0,1744.95,1698.95,1702.75,1702.75,5488
2020-06-29,1726.0,1740.0,1680.0,1684.7,1684.7,5892
2020-06-30,1699.8,1720.65,1665.0,1680.5,1680.5,33893
2020-07-01,1692.4,1710.9,1640.0,1650.2,1650.2,58846
2020-07-02,1668.95,1680.55,1630.0,1659.7,1659.7,20967
2020-07-03,1669.8,1757.6,1669.75,1710.65,1710.65,37044
2020-07-06,1726.85,1765.0,1715.0,1746.05,1746.05,17792
2020-07-07,1759.9,1774.05,1737.3,1755.35,1755.35,55858
2020-07-08,1765.0,1835.0,1755.05,1809.6,1809.6,48478
2020-07-09,1834.0,1844.8,1770.0,1787.3,1787.3,13973
2020-07-10,1788.7,1830.0,1782.3,1809.35,1809.35,50481
2020-07-13,1829.8,1829.8,1798.15,1800.5,1800.5,7220
2020-07-14,1790.1,1833.4,1737.0,1800.8,1800.8,14848
2020-07-15,1824.8,1888.9,1801.0,1821.9,1821.9,28480
2020-07-16,1801.0,1880.0,1799.1,1823.55,1823.55,14573
2020-07-17,1840.0,1850.0,1817.05,1827.0,1827.0,6666
2020-07-20,1825.0,1967.95,1820.4,1912.65,1912.65,62902
2020-07-21,1913.0,1966.2,1874.55,1908.45,1908.45,108348
2020-07-22,1924.0,1924.0,1813.95,1837.05,1837.05,24167
2020-07-23,1854.4,1919.45,1854.35,1883.85,1883.85,14965
2020-07-24,1883.85,1932.3,1852.2,1879.8,1879.8,8495
2020-07-27,1899.0,1899.0,1795.0,1818.4,1818.4,16204
2020-07-28,1847.0,1855.95,1798.0,1848.3,1848.3,13132
2020-07-29,1845.5,1850.0,1783.0,1795.15,1795.15,8382
2020-07-30,1800.0,1808.0,1758.35,1786.0,1786.0,7536
2020-07-31,1786.0,1863.0,1782.05,1849.8,1849.8,214312
2020-08-03,1860.0,1918.0,1856.25,1908.2,1908.2,122076
2020-08-04,1920.0,1939.25,1872.0,1879.95,1879.95,8743
2020-08-05,1882.0,2025.0,1882.0,1944.05,1944.05,56405
2020-08-06,1953.05,2172.95,1953.05,2102.35,2102.35,296099
2020-08-07,2101.0,2102.35,2040.0,2072.85,2072.85,29694
2020-08-10,2098.95,2127.3,2070.0,2092.25,2092.25,83265
2020-08-11,2137.0,2137.0,2050.7,2069.6,2069.6,63374
2020-08-12,2089.5,2089.8,2040.0,2062.35,2062.35,52586
2020-08-13,2088.0,2206.7,2072.65,2159.05,2159.05,52315
2020-08-14,2178.0,2225.0,2085.0,2118.2,2118.2,27069
2020-08-17,2149.85,2165.0,2061.9,2106.7,2106.7,10306
2020-08-18,2129.9,2191.1,2115.65,2168.95,2168.95,95558
2020-08-19,2189.95,2225.0,2150.0,2193.9,2193.9,19157
2020-08-20,2220.0,2250.0,2190.0,2232.45,2232.45,16663
2020-08-21,2250.0,2358.75,2232.0,2300.15,2300.15,92728
2020-08-24,2328.4,2339.95,2300.0,2305.15,2305.15,12321
2020-08-25,2301.0,2349.0,2266.85,2334.1,2334.1,47234
2020-08-26,2355.0,2380.0,2301.65,2326.65,2326.65,85362
2020-08-27,2336.65,2413.0,2314.85,2368.9,2368.9,14435
2020-08-28,2370.0,2404.75,2351.0,2365.9,2365.9,77064
2020-08-31,2380.0,2588.15,2350.0,2369.8,2369.8,81331
2020-09-01,2369.8,2400.0,2302.95,2362.35,2362.35,15061
2020-09-02,2382.9,2399.65,2323.6,2355.9,2355.9,14175
2020-09-03,2357.0,2415.0,2220.0,2367.1,2367.1,14583
2020-09-04,2349.95,2450.0,2250.0,2271.2,2271.2,10294
2020-09-07,2300.0,2370.05,2250.65,2339.35,2339.35,9569
2020-09-08,2370.0,2370.0,2270.25,2289.9,2289.9,5040
2020-09-09,2339.4,2339.4,2140.0,2174.1,2174.1,25698
2020-09-10,2200.0,2241.7,2170.4,2180.35,2180.35,13042
2020-09-11,2166.0,2195.1,2166.0,2180.9,2180.9,2709
2020-09-14,2190.0,2478.0,2190.0,2423.75,2423.75,205956
2020-09-15,2478.0,2549.8,2343.0,2382.45,2382.45,48498
2020-09-16,2398.95,2414.95,2365.85,2384.6,2384.6,12264
2020-09-17,2415.0,2440.0,2391.65,2421.5,2421.5,6625
2020-09-18,2433.0,2450.5,2311.55,2375.65,2375.65,24882
2020-09-21,2370.0,2409.95,2213.9,2273.55,2273.55,6864
2020-09-22,2249.0,2250.5,2072.55,2136.75,2136.75,28348
2020-09-23,2150.0,2248.9,2121.0,2150.25,2150.25,13236
2020-09-24,2111.0,2207.95,2099.95,2177.15,2177.15,12780
2020-09-25,2180.0,2237.95,2132.0,2161.75,2161.75,12042
2020-09-28,2189.9,2248.0,2178.0,2201.45,2201.45,9073
2020-09-29,2245.0,2245.0,2200.0,2215.65,2215.65,12806
2020-09-30,2226.35,2259.55,2182.65,2195.05,2195.05,5041
2020-10-01,2233.0,2300.0,2152.8,2268.45,2268.45,7502
2020-10-05,2250.0,2299.0,2250.0,2257.5,2257.5,6492
2020-10-06,2261.0,2298.0,2235.0,2254.0,2254.0,4272
2020-10-07,2254.0,2338.75,2248.35,2289.85,2289.85,51471
2020-10-08,2301.15,2385.8,2301.15,2362.6,2362.6,51392
2020-10-09,2374.35,2381.0,2301.15,2312.15,2312.15,5191
2020-10-12,2301.0,2350.0,2280.0,2320.2,2320.2,4906
2020-10-13,2304.7,2390.0,2276.45,2349.9,2349.9,10965
2020-10-14,2361.0,2377.4,2325.0,2350.8,2350.8,112278
2020-10-15,2375.0,2375.0,2284.3,2295.0,2295.0,21092
2020-10-16,2281.0,2385.0,2265.0,2364.85,2364.85,7268
2020-10-19,2359.95,2360.0,2275.25,2293.65,2293.65,4351
2020-10-20,2300.0,2300.0,2242.45,2258.0,2258.0,5559
2020-10-21,2294.95,2294.95,2250.0,2260.15,2260.15,2312
2020-10-22,2263.2,2314.75,2246.8,2293.3,2293.3,1659
2020-10-23,2276.65,2312.6,2251.0,2258.4,2258.4,2445
2020-10-26,2270.0,2270.0,2243.55,2251.15,2251.15,1310
2020-10-27,2252.0,2262.2,2180.1,2215.75,2215.75,16030
2020-10-28,2226.75,2318.0,2226.75,2277.15,2277.15,34324
2020-10-29,2284.0,2284.0,2205.0,2224.2,2224.2,9788
2020-10-30,2235.25,2257.0,2220.0,2227.1,2227.1,1330
2020-11-02,2255.0,2255.0,2185.55,2200.35,2200.35,2712
2020-11-03,2222.6,2228.9,2176.0,2181.1,2181.1,2753
2020-11-04,2191.9,2245.0,2191.85,2213.2,2213.2,2847
2020-11-05,2224.1,2250.0,2211.15,2234.5,2234.5,19913
2020-11-06,2254.2,2339.0,2225.0,2325.6,2325.6,12439
2020-11-09,2350.0,2380.0,2304.0,2348.2,2348.2,4171
2020-11-10,2359.8,2494.5,2326.5,2411.5,2411.5,46495
2020-11-11,2426.0,2492.0,2337.0,2382.45,2382.45,64654
2020-11-12,2351.55,2379.4,2341.75,2358.6,2358.6,4900
2020-11-13,2370.2,2374.35,2310.0,2331.85,2331.85,2021
2020-11-17,2378.6,2424.9,2309.95,2408.5,2408.5,12078
2020-11-18,2410.0,2439.0,2385.05,2425.3,2425.3,48558
2020-11-19,2460.0,2488.6,2370.15,2387.05,2387.05,11781
2020-11-20,2423.0,2439.95,2369.8,2412.1,2412.1,6715
2020-11-23,2429.0,2429.0,2376.15,2411.55,2411.55,4822
2020-11-24,2428.0,2430.0,2387.95,2419.8,2419.8,7797
2020-11-25,2371.0,2450.0,2371.0,2395.05,2395.05,81593
2020-11-26,2427.95,2440.2,2320.5,2341.15,2341.15,15873
2020-11-27,2380.0,2715.45,2305.1,2499.9,2499.9,85159
2020-12-01,2499.0,2710.0,2421.0,2671.95,2671.95,64868
2020-12-02,2651.0,2669.8,2602.5,2647.0,2647.0,23156
2020-12-03,2650.0,2838.8,2626.05,2804.45,2804.45,42780
2020-12-04,2828.0,2899.0,2711.3,2755.1,2755.1,32083
2020-12-07,2797.0,2880.0,2722.25,2730.2,2730.2,14780
2020-12-08,2763.0,2776.2,2585.0,2640.1,2640.1,27586
2020-12-09,2645.0,2669.95,2570.0,2594.3,2594.3,25540
2020-12-10,2605.0,2634.0,2546.85,2594.85,2594.85,21284
2020-12-11,2594.85,2732.0,2555.0,2704.8,2704.8,39192
2020-12-14,2704.8,2724.65,2650.0,2662.65,2662.65,11168
2020-12-15,2650.5,2658.45,2605.0,2616.85,2616.85,7725
2020-12-16,2605.0,2657.85,2605.0,2611.1,2611.1,10082
2020-12-17,2620.3,2626.45,2551.0,2562.0,2562.0,26548
2020-12-18,2574.85,2595.0,2512.0,2533.65,2533.65,5972
2020-12-21,2549.8,2567.8,2440.0,2463.8,2463.8,12257
2020-12-22,2450.0,2450.0,2365.1,2420.05,2420.05,15976
2020-12-23,2445.0,2525.0,2443.1,2510.55,2510.55,12964
2020-12-24,2539.0,2595.95,2525.0,2563.15,2563.15,12363
2020-12-28,2550.1,2609.95,2534.3,2580.65,2580.65,10283
2020-12-29,2593.6,2599.9,2545.1,2558.7,2558.7,11934
2020-12-30,2558.0,2558.0,2502.0,2541.05,2541.05,13396
2020-12-31,2535.15,2643.0,2516.05,2626.3,2626.3,15511
2021-01-01,2640.0,2698.0,2553.9,2666.65,2666.65,23540
2021-01-04,2683.0,2727.0,2629.6,2718.25,2718.25,13515
2021-01-05,2662.0,2784.9,2662.0,2761.75,2761.75,19379
2021-01-06,2770.0,2799.0,2715.0,2778.65,2778.65,142943
2021-01-07,2780.0,2872.0,2710.2,2738.25,2738.25,48498
2021-01-08,2751.95,2787.35,2703.0,2722.15,2722.15,5230
2021-01-11,2701.0,2809.0,2701.0,2756.65,2756.65,7843
2021-01-12,2770.0,2825.0,2737.55,2774.05,2774.05,10678
2021-01-13,2795.0,2824.55,2770.05,2811.2,2811.2,39718
2021-01-14,2825.0,2850.0,2717.05,2769.45,2769.45,15414
2021-01-15,2809.45,2809.45,2651.25,2706.5,2706.5,16281
2021-01-18,2711.05,2788.45,2651.0,2697.3,2697.3,8283
2021-01-19,2710.8,2780.0,2689.45,2749.0,2749.0,4102
2021-01-20,2713.0,2798.0,2713.0,2780.9,2780.9,11556
2021-01-21,2794.65,2826.95,2720.85,2764.1,2764.1,9738
2021-01-22,2740.05,2835.0,2730.7,2761.0,2761.0,28077
2021-01-25,2830.0,2870.0,2680.0,2779.85,2779.85,18946
2021-01-27,2844.0,2844.0,2756.1,2774.05,2774.05,5484
2021-01-28,2787.95,2865.0,2689.05,2819.25,2819.25,35998
2021-01-29,2846.6,2928.0,2804.35,2850.9,2850.9,24796
2021-02-01,2890.0,2890.0,2770.0,2784.0,2784.0,16694
2021-02-02,2797.95,2823.8,2675.05,2688.95,2688.95,25014
2021-02-03,2702.4,2748.0,2682.6,2719.5,2719.5,36748
2021-02-04,2762.0,3199.0,2753.75,3141.8,3141.8,184452
2021-02-05,3195.0,3484.9,3165.05,3239.65,3239.65,120879
2021-02-08,3343.95,3769.9,3289.35,3505.8,3505.8,200969
2021-02-09,3570.0,3714.75,3446.6,3577.15,3577.15,134303
2021-02-10,3595.0,3595.0,3350.0,3418.7,3418.7,68590
2021-02-11,3449.75,3482.45,3320.0,3381.6,3381.6,16260
2021-02-12,3399.0,3404.0,3130.05,3200.55,3200.55,16857
2021-02-15,3200.0,3218.4,3056.0,3077.05,3077.05,26522
2021-02-16,3105.0,3207.95,3054.0,3094.0,3094.0,51360
2021-02-17,3120.0,3186.0,3100.15,3165.5,3165.5,22293
2021-02-18,3110.0,3177.95,3050.0,3114.95,3114.95,11397
2021-02-19,3140.0,3159.0,3001.0,3033.45,3033.45,16173
2021-02-22,3050.0,3095.0,2956.45,3003.75,3003.75,14756
2021-02-23,3055.0,3164.0,3017.75,3099.35,3099.35,16249
2021-02-24,3120.0,3390.0,3109.4,3321.7,3321.7,36742
2021-02-25,3439.7,3518.0,3251.85,3435.45,3435.45,60646
2021-02-26,3400.0,3499.0,3307.0,3404.2,3404.2,25051
2021-03-01,3440.0,3839.0,3402.8,3591.25,3591.25,93699
2021-03-02,3627.0,3669.65,3501.25,3560.7,3560.7,16393
2021-03-03,3588.85,3624.9,3470.0,3484.15,3484.15,21475
2021-03-04,3500.0,3541.0,3460.0,3479.2,3479.2,6905
2021-03-05,3530.0,3535.0,3380.0,3414.95,3414.95,7528
2021-03-08,3457.65,3559.95,3400.0,3415.05,3415.05,20558
2021-03-09,3445.0,3510.0,3440.0,3491.05,3491.05,10016
2021-03-10,3508.55,3540.0,3490.0,3521.4,3521.4,20653
2021-03-12,3532.1,3650.0,3532.1,3603.95,3603.95,28740
2021-03-15,3610.0,3650.0,3525.2,3599.3,3599.3,24791
2021-03-16,3650.0,3650.0,3351.2,3419.55,3419.55,15794
2021-03-17,3415.0,3418.0,3294.4,3367.75,3367.75,12824
2021-03-18,3399.0,3520.0,3311.25,3398.1,3398.1,22701
2021-03-19,3390.0,3511.45,3311.3,3423.75,3423.75,23464
2021-03-22,3500.0,3548.95,3416.35,3498.3,3498.3,19162
2021-03-23,3520.0,3575.0,3501.2,3543.3,3543.3,4350
2021-03-24,3545.0,3589.9,3455.0,3502.7,3502.7,8321
2021-03-25,3502.0,3552.25,3450.05,3493.65,3493.65,25681
2021-03-26,3511.15,3585.0,3471.3,3523.95,3523.95,18093
2021-03-30,3600.0,3771.0,3559.25,3681.5,3681.5,35909
2021-03-31,3730.0,3800.0,3676.0,3771.65,3771.65,63092
2021-04-01,3800.0,3859.95,3710.0,3772.6,3772.6,33458
2021-04-05,3800.0,3824.95,3625.15,3680.4,3680.4,12623
2021-04-06,3720.0,3892.0,3681.0,3710.0,3710.0,19473
2021-04-07,3734.9,3773.95,3666.95,3686.3,3686.3,29030
2021-04-08,3686.3,3750.0,3672.0,3684.85,3684.85,6475
2021-04-09,3696.0,3701.4,3505.0,3554.15,3554.15,21797
2021-04-12,3600.0,3600.0,3289.05,3349.8,3349.8,30284
2021-04-13,3312.1,3416.35,3250.0,3370.75,3370.75,16977
2021-04-15,3375.75,3444.85,3295.5,3321.65,3321.65,17990
2021-04-16,3315.1,3365.0,3250.0,3257.6,3257.6,9653
2021-04-19,3000.0,3180.0,2764.65,3078.6,3078.6,268577
2021-04-20,3138.7,3250.0,3131.35,3178.05,3178.05,37409
2021-04-22,3125.0,3192.0,3067.85,3093.75,3093.75,18311
2021-04-23,3099.0,3103.3,3046.65,3083.4,3083.4,18072
2021-04-26,3120.0,3127.0,3026.05,3074.8,3074.8,33733
2021-04-27,3099.0,3173.45,3060.15,3153.2,3153.2,22391
2021-04-28,3165.0,3250.0,3150.0,3240.9,3240.9,12881
2021-04-29,3275.0,3345.95,3213.3,3310.1,3310.1,14357
2021-04-30,3306.0,3374.75,3200.0,3257.45,3257.45,17545
2021-05-03,3227.8,3348.85,3200.0,3305.65,3305.65,9714
2021-05-04,3344.0,3349.95,3250.0,3261.6,3261.6,7137
2021-05-05,3277.95,3426.3,3277.05,3364.0,3364.0,7931
2021-05-06,3418.0,3426.4,3325.0,3346.6,3346.6,8322
2021-05-07,3370.0,3390.0,3275.0,3290.45,3290.45,4366
2021-05-10,3345.0,3345.0,3220.0,3231.4,3231.4,7090
2021-05-11,3280.0,3291.85,3200.0,3234.6,3234.6,7730
2021-05-12,3250.8,3265.15,3170.0,3196.55,3196.55,6814
2021-05-14,3200.0,3230.0,3149.45,3164.2,3164.2,18607
2021-05-17,3214.0,3284.4,3166.75,3253.9,3253.9,6586
2021-05-18,3270.2,3329.95,3270.2,3306.75,3306.75,3609
2021-05-19,3325.0,3415.45,3261.25,3282.7,3282.7,8987
2021-05-20,3282.7,3298.95,3202.65,3257.45,3257.45,24001
2021-05-21,3200.0,3383.95,3200.0,3317.4,3317.4,11590
2021-05-24,3320.0,3378.7,3280.8,3342.95,3342.95,8718
2021-05-25,3359.7,3380.0,3300.0,3335.05,3335.05,8934
2021-05-26,3350.0,3675.0,3341.5,3593.45,3593.45,49632
2021-05-27,3585.0,3669.1,3515.0,3599.6,3599.6,17500
2021-05-28,3599.0,3660.0,3536.6,3554.4,3554.4,4311
2021-05-31,3590.0,3590.0,3450.0,3463.9,3463.9,8366
2021-06-01,3465.0,3520.0,3416.0,3422.6,3422.6,5554
2021-06-02,3428.0,3550.0,3404.5,3455.55,3455.55,7057
2021-06-03,3435.0,3489.9,3435.0,3450.1,3450.1,4209
2021-06-04,3495.0,3495.0,3378.5,3400.5,3400.5,14612
2021-06-07,3465.0,3485.15,3413.15,3436.0,3436.0,12092
2021-06-08,3475.0,3529.95,3442.35,3460.5,3460.5,9023
2021-06-09,3492.0,4097.7,3425.0,3657.95,3657.95,371663
2021-06-10,3797.0,3844.95,3603.0,3635.25,3635.25,82271
2021-06-11,3700.0,3750.0,3675.0,3697.25,3697.25,27307
2021-06-14,3779.8,3779.8,3580.0,3610.55,3610.55,15744
2021-06-15,3660.0,3700.0,3581.0,3594.05,3594.05,20490
2021-06-16,3594.05,3598.0,3531.05,3550.05,3550.05,29932
2021-06-17,3531.0,3572.2,3503.35,3533.6,3533.6,17185
2021-06-18,3545.0,3563.0,3501.0,3525.1,3525.1,10790
2021-06-21,3490.1,3564.9,3457.2,3534.65,3534.65,10952
2021-06-22,3590.0,3634.45,3558.85,3614.5,3614.5,23781
2021-06-23,3633.95,3634.0,3575.0,3601.1,3601.1,16942
2021-06-24,3591.0,3612.0,3521.65,3547.4,3547.4,7089
2021-06-25,3598.0,3611.85,3541.85,3554.45,3554.45,6600
2021-06-28,3572.25,3755.0,3551.1,3607.7,3607.7,40851
2021-06-29,3649.5,3649.5,3575.1,3602.9,3602.9,6560
2021-06-30,3648.0,3670.0,3577.75,3617.35,3617.35,10260
2021-07-01,3635.45,3666.35,3589.85,3603.95,3603.95,10887
2021-07-02,3603.95,3648.95,3590.0,3599.95,3599.95,14599
2021-07-05,3648.7,3648.7,3560.0,3590.15,3590.15,31940
2021-07-06,3600.05,3637.65,3585.0,3603.85,3603.85,12560
2021-07-07,3639.0,3850.0,3603.85,3783.25,3783.25,123429
2021-07-08,3797.6,3845.0,3752.05,3768.1,3768.1,34313
2021-07-09,3847.0,3847.0,3749.15,3798.3,3798.3,44804
